generation,number,name,type1,type2,height,weight,catch_rate,egg_group1,egg_group2,has_gender,male,hp,attack,defense,sp_atk,sp_def,speed,total,is_legendary
1,1,Bulbasaur,Grass,Poison,0.7,6.9,45,Grass,Monster,True,87.5,45,49,49,65,65,45,318,False
1,18,Pidgeot,Normal,Flying,1.5,39.5,45,Flying,,True,50.0,83,80,75,70,70,101,479,False
1,23,Ekans,Poison,,2.0,6.9,255,Dragon,Field,True,50.0,35,60,44,40,54,55,288,False
1,25,Pikachu,Electric,,0.4,6.0,190,Fairy,Field,True,50.0,35,55,40,50,50,90,320,False
1,24,Arbok,Poison,,3.5,65.0,90,Dragon,Field,True,50.0,60,95,69,65,79,80,448,False
1,20,Raticate,Normal,,0.7,18.5,127,Field,,True,50.0,55,81,60,50,70,97,413,False
1,19,Rattata,Normal,,0.3,3.5,255,Field,,True,50.0,30,56,35,25,35,72,253,False
1,21,Spearow,Normal,Flying,0.3,2.0,255,Flying,,True,50.0,40,60,30,31,31,70,262,False
1,22,Fearow,Normal,Flying,1.2,38.0,90,Flying,,True,50.0,65,90,65,61,61,100,442,False
1,17,Pidgeotto,Normal,Flying,1.1,30.0,120,Flying,,True,50.0,63,60,55,50,50,71,349,False
1,16,Pidgey,Normal,Flying,0.3,1.8,255,Flying,,True,50.0,40,45,40,35,35,56,251,False
1,14,Kakuna,Bug,Poison,0.6,10.0,120,Bug,,True,50.0,45,25,50,25,25,35,205,False
1,13,Weedle,Bug,Poison,0.3,3.2,255,Bug,,True,50.0,40,35,30,20,20,50,195,False
1,12,Butterfree,Bug,Flying,1.1,32.0,45,Bug,,True,50.0,60,45,50,90,80,70,395,False
1,11,Metapod,Bug,,0.7,9.9,120,Bug,,True,50.0,50,20,55,25,25,30,205,False
1,10,Caterpie,Bug,,0.3,2.9,255,Bug,,True,50.0,45,30,35,20,20,45,195,False
1,9,Blastoise,Water,,1.6,85.5,45,Monster,Water 1,True,87.5,79,83,100,85,105,78,530,False
1,7,Squirtle,Water,,0.5,9.0,45,Monster,Water 1,True,87.5,44,48,65,50,64,43,314,False
1,8,Wartortle,Water,,1.0,22.5,45,Monster,Water 1,True,87.5,59,63,80,65,80,58,405,False
1,5,Charmeleon,Fire,,1.1,19.0,45,Dragon,Monster,True,87.5,58,64,58,80,65,80,405,False
1,2,Ivysaur,Grass,Poison,1.0,13.0,45,Grass,Monster,True,87.5,60,62,63,80,80,60,405,False
1,4,Charmander,Fire,,0.6,8.5,45,Dragon,Monster,True,87.5,39,52,43,60,50,65,309,False
1,3,Venusaur,Grass,Poison,2.0,100.0,45,Grass,Monster,True,87.5,80,82,83,100,100,80,525,False
1,49,Venomoth,Bug,Poison,1.5,12.5,75,Bug,,True,50.0,70,65,60,90,75,90,450,False
1,48,Venonat,Bug,Poison,1.0,30.0,190,Bug,,True,50.0,60,55,50,40,55,45,305,False
1,47,Parasect,Bug,Grass,1.0,29.5,75,Bug,Grass,True,50.0,60,95,80,60,80,30,405,False
1,46,Paras,Bug,Grass,0.3,5.4,190,Bug,Grass,True,50.0,35,70,55,45,55,25,285,False
1,44,Gloom,Grass,Poison,0.8,8.6,120,Grass,,True,50.0,60,65,70,85,75,40,395,False
1,45,Vileplume,Grass,Poison,1.2,18.6,45,Grass,,True,50.0,75,80,85,110,90,50,490,False
1,42,Golbat,Poison,Flying,1.6,55.0,90,Flying,,True,50.0,75,80,70,65,75,90,455,False
1,40,Wigglytuff,Normal,Fairy,1.0,12.0,50,Fairy,,True,25.0,140,70,45,85,50,45,435,False
1,39,Jigglypuff,Normal,Fairy,0.5,5.5,170,Fairy,,True,25.0,115,45,20,45,25,20,270,False
1,41,Zubat,Poison,Flying,0.8,7.5,255,Flying,,True,50.0,40,45,35,30,40,55,245,False
1,38,Ninetales,Fire,,1.1,19.9,75,Field,,True,25.0,73,76,75,81,100,100,505,False
1,43,Oddish,Grass,Poison,0.5,5.4,255,Grass,,True,50.0,45,50,55,75,65,30,320,False
1,37,Vulpix,Fire,,0.6,9.9,190,Field,,True,25.0,38,41,40,50,65,65,299,False
1,34,Nidoking,Poison,Ground,1.4,62.0,45,Field,Monster,True,100.0,81,102,77,85,75,85,505,False
1,33,Nidorino,Poison,,0.9,19.5,120,Field,Monster,True,100.0,61,72,57,55,55,65,365,False
1,36,Clefable,Fairy,,1.3,40.0,25,Fairy,,True,25.0,95,70,73,95,90,60,483,False
1,35,Clefairy,Fairy,,0.6,7.5,150,Fairy,,True,25.0,70,45,48,60,65,35,323,False
1,32,Nidoran♂,Poison,,0.5,9.0,235,Field,Monster,True,100.0,46,57,40,40,40,50,273,False
1,31,Nidoqueen,Poison,Ground,1.3,60.0,45,,,True,0.0,90,92,87,75,85,76,505,False
1,30,Nidorina,Poison,,0.8,20.0,120,,,True,0.0,70,62,67,55,55,56,365,False
1,28,Sandslash,Ground,,1.0,29.5,90,Field,,True,50.0,75,100,110,45,55,65,450,False
1,27,Sandshrew,Ground,,0.6,12.0,255,Field,,True,50.0,50,75,85,20,30,40,300,False
1,29,Nidoran♀,Poison,,0.4,7.0,235,Field,Monster,True,0.0,55,47,52,40,40,41,275,False
1,74,Geodude,Rock,Ground,0.4,20.0,255,Mineral,,True,50.0,40,80,100,30,30,20,300,False
1,73,Tentacruel,Water,Poison,1.6,55.0,60,Water 3,,True,50.0,80,70,65,80,120,100,515,False
1,72,Tentacool,Water,Poison,0.9,45.5,190,Water 3,,True,50.0,40,40,35,50,100,70,335,False
1,71,Victreebel,Grass,Poison,1.7,15.5,45,Grass,,True,50.0,80,105,65,100,70,70,490,False
1,70,Weepinbell,Grass,Poison,1.0,6.4,120,Grass,,True,50.0,65,90,50,85,45,55,390,False
1,26,Raichu,Electric,,0.8,30.0,75,Fairy,Field,True,50.0,60,90,55,90,80,110,485,False
1,69,Bellsprout,Grass,Poison,0.7,4.0,255,Grass,,True,50.0,50,75,35,70,30,40,300,False
1,66,Machop,Fighting,,0.8,19.5,180,Human-Like,,True,75.0,70,80,50,35,35,35,305,False
1,65,Alakazam,Psychic,,1.5,48.0,50,Human-Like,,True,75.0,55,50,45,135,95,120,500,False
1,63,Abra,Psychic,,0.9,19.5,200,Human-Like,,True,75.0,25,20,15,105,55,90,310,False
1,67,Machoke,Fighting,,1.5,70.5,90,Human-Like,,True,75.0,80,100,70,50,60,45,405,False
1,62,Poliwrath,Water,Fighting,1.3,54.0,45,Water 1,,True,50.0,90,95,95,70,90,70,510,False
1,61,Poliwhirl,Water,,1.0,20.0,120,Water 1,,True,50.0,65,65,65,50,50,90,385,False
1,68,Machamp,Fighting,,1.6,130.0,45,Human-Like,,True,75.0,90,130,80,65,85,55,505,False
1,64,Kadabra,Psychic,,1.3,56.5,100,Human-Like,,True,75.0,40,35,30,120,70,105,400,False
2,206,Dunsparce,Normal,,1.5,14.0,190,Field,,True,50.0,100,70,70,65,65,45,415,False
1,60,Poliwag,Water,,0.6,12.4,255,Water 1,,True,50.0,40,50,40,40,40,90,300,False
2,184,Azumarill,Water,Fairy,0.8,28.5,75,Fairy,Water 1,True,50.0,100,50,80,60,80,50,420,False
2,185,Sudowoodo,Rock,,1.2,38.0,65,Mineral,,True,50.0,70,100,115,30,65,30,410,False
1,59,Arcanine,Fire,,1.9,155.0,75,Field,,True,75.0,90,110,80,100,80,95,555,False
2,160,Feraligatr,Water,,2.3,88.8,45,Monster,Water 1,True,87.5,85,105,100,79,83,78,530,False
2,205,Forretress,Bug,Steel,1.2,125.8,75,Bug,,True,50.0,75,90,140,60,60,40,465,False
2,204,Pineco,Bug,,0.6,7.2,190,Bug,,True,50.0,50,65,90,35,35,15,290,False
2,226,Mantine,Water,Flying,2.1,220.0,25,Water 1,,True,50.0,85,40,70,80,140,70,485,False
1,15,Beedrill,Bug,Poison,1.0,29.5,45,Bug,,True,50.0,65,90,40,45,80,75,395,False
2,224,Octillery,Water,,0.9,28.5,75,Water 1,Water 2,True,50.0,75,105,75,105,75,45,480,False
2,251,Celebi,Psychic,Grass,0.6,5.0,45,,,False,,100,100,100,100,100,100,600,True
2,225,Delibird,Ice,Flying,0.9,16.0,45,Field,Water 1,True,50.0,45,55,45,65,45,75,330,False
3,264,Linoone,Normal,,0.5,32.5,90,Field,,True,50.0,78,70,61,50,61,100,420,False
3,263,Zigzagoon,Normal,,0.4,17.5,255,Field,,True,50.0,38,30,41,30,41,60,240,False
3,262,Mightyena,Dark,,1.0,37.0,127,Field,,True,50.0,70,90,70,60,60,70,420,False
3,260,Swampert,Water,Ground,1.5,81.9,45,Monster,Water 1,True,87.5,100,110,90,85,90,60,535,False
3,259,Marshtomp,Water,Ground,0.7,28.0,45,Monster,Water 1,True,87.5,70,85,70,60,70,50,405,False
3,313,Volbeat,Bug,,0.7,17.7,150,Bug,Human-Like,True,100.0,65,73,75,47,85,85,430,False
3,261,Poochyena,Dark,,0.5,13.6,255,Field,,True,50.0,35,55,35,30,30,35,220,False
1,6,Charizard,Fire,Flying,1.7,90.5,45,Dragon,Monster,True,87.5,78,84,78,109,85,100,534,False
3,311,Plusle,Electric,,0.4,4.2,200,Fairy,,True,50.0,60,50,40,85,75,95,405,False
3,363,Spheal,Ice,Water,0.8,39.5,255,Field,Water 1,True,50.0,70,40,50,55,50,25,290,False
3,309,Electrike,Electric,,0.6,15.2,120,Field,,True,50.0,40,45,40,65,40,65,295,False
3,308,Medicham,Fighting,Psychic,1.3,31.5,90,Human-Like,,True,50.0,60,60,75,60,75,80,410,False
3,362,Glalie,Ice,,1.5,256.5,75,Fairy,Mineral,True,50.0,80,80,80,80,80,80,480,False
3,310,Manectric,Electric,,1.5,40.2,45,Field,,True,50.0,70,75,60,105,60,105,475,False
3,312,Minun,Electric,,0.4,4.2,200,Fairy,,True,50.0,60,40,50,75,85,95,405,False
3,361,Snorunt,Ice,,0.7,16.8,190,Fairy,Mineral,True,50.0,50,50,50,50,50,50,300,False
4,407,Roserade,Grass,Poison,0.9,14.5,75,Fairy,Grass,True,50.0,60,70,65,125,105,90,515,False
3,360,Wynaut,Psychic,,0.6,14.0,125,,,True,50.0,95,23,48,23,48,23,260,False
4,408,Cranidos,Rock,,0.9,31.5,45,Monster,,True,87.5,67,125,40,30,30,58,350,False
3,359,Absol,Dark,,1.2,47.0,30,Field,,True,50.0,65,130,60,75,60,75,465,False
3,358,Chimecho,Psychic,,0.6,1.0,45,Amorphous,,True,50.0,75,50,80,95,90,65,455,False
4,410,Shieldon,Rock,Steel,0.5,57.0,45,Monster,,True,87.5,30,42,118,42,88,30,350,False
4,409,Rampardos,Rock,,1.6,102.5,45,Monster,,True,87.5,97,165,60,65,50,58,495,False
4,406,Budew,Grass,Poison,0.2,1.2,255,,,True,50.0,40,30,35,50,70,55,280,False
4,405,Luxray,Electric,,1.4,42.0,45,Field,,True,50.0,80,120,79,95,79,70,523,False
5,494,Victini,Psychic,Fire,0.4,4.0,3,,,False,,100,100,100,100,100,100,600,True
4,453,Croagunk,Poison,Fighting,0.7,23.0,140,Human-Like,,True,50.0,48,61,40,61,40,50,300,False
4,452,Drapion,Poison,Dark,1.3,61.5,45,Bug,Water 3,True,50.0,70,90,110,60,75,95,500,False
4,450,Hippowdon,Ground,,2.0,300.0,60,Field,,True,50.0,108,112,118,68,72,47,525,False
4,454,Toxicroak,Poison,Fighting,1.3,44.4,75,Human-Like,,True,50.0,83,106,65,86,65,85,490,False
4,493,Arceus,Normal,,3.2,320.0,3,,,False,,120,120,120,120,120,120,720,True
4,451,Skorupi,Poison,Bug,0.8,12.0,120,Bug,Water 3,True,50.0,40,50,90,30,55,65,330,False
4,492,Shaymin,Grass,,0.2,2.1,45,,,False,,100,100,100,100,100,100,600,True
4,491,Darkrai,Dark,,1.5,50.5,3,,,False,,70,90,90,135,90,125,600,True
4,490,Manaphy,Water,,0.3,1.4,3,Fairy,Water 1,False,,100,100,100,100,100,100,600,True
5,538,Throh,Fighting,,1.3,55.5,45,Human-Like,,True,100.0,120,100,85,30,85,45,465,False
4,489,Phione,Water,,0.4,3.1,30,Fairy,Water 1,False,,80,80,80,80,80,80,480,True
5,535,Tympole,Water,,0.5,4.5,255,Water 1,,True,50.0,50,50,40,50,40,64,294,False
5,537,Seismitoad,Water,Ground,1.5,62.0,45,Water 1,,True,50.0,105,95,75,85,75,74,509,False
5,536,Palpitoad,Water,Ground,0.8,17.0,120,Water 1,,True,50.0,75,65,55,65,55,69,384,False
5,582,Vanillite,Ice,,0.4,5.7,255,Mineral,,True,50.0,36,50,50,65,60,44,305,False
5,583,Vanillish,Ice,,1.1,41.0,120,Mineral,,True,50.0,51,65,65,80,75,59,395,False
5,580,Ducklett,Water,Flying,0.5,5.5,190,Flying,Water 1,True,50.0,62,44,50,44,50,55,305,False
5,534,Conkeldurr,Fighting,,1.4,87.0,45,Human-Like,,True,75.0,105,140,95,55,65,45,505,False
5,581,Swanna,Water,Flying,1.3,24.2,45,Flying,Water 1,True,50.0,75,87,63,87,63,98,473,False
6,675,Pangoro,Fighting,Dark,2.1,136.0,65,Field,Human-Like,True,50.0,95,124,78,69,71,58,495,False
5,631,Heatmor,Fire,,1.4,58.0,90,Field,,True,50.0,85,97,66,105,66,65,484,False
5,630,Mandibuzz,Dark,Flying,1.2,39.5,60,Flying,,True,0.0,110,65,105,55,95,80,510,False
5,629,Vullaby,Dark,Flying,0.5,9.0,190,Flying,,True,0.0,70,55,75,45,65,60,370,False
5,632,Durant,Bug,Steel,0.3,33.0,90,Bug,,True,50.0,58,109,112,48,48,109,484,False
5,627,Rufflet,Normal,Flying,0.5,10.5,190,Flying,,True,100.0,70,83,50,37,50,60,350,False
5,628,Braviary,Normal,Flying,1.5,41.0,60,Flying,,True,100.0,100,123,75,57,75,80,510,False
6,673,Gogoat,Grass,,1.7,91.0,45,Field,,True,50.0,123,100,62,97,81,68,531,False
6,719,Diancie,Rock,Fairy,0.7,8.8,3,,,False,,50,100,150,100,150,50,600,True
6,671,Florges,Fairy,,1.1,10.0,45,Fairy,,True,0.0,78,65,68,112,154,75,552,False
6,721,Volcanion,Fire,Water,1.7,195.0,3,,,False,,80,110,120,130,90,70,600,True
6,674,Pancham,Fighting,,0.6,8.0,220,Field,Human-Like,True,50.0,67,82,62,46,48,43,348,False
6,720,Hoopa,Psychic,Ghost,0.5,9.0,3,,,False,,80,110,60,150,130,70,600,True
6,672,Skiddo,Grass,,0.9,31.0,200,Field,,True,50.0,66,65,48,62,57,52,350,False
6,670,Floette,Fairy,,0.2,0.9,120,Fairy,,True,0.0,54,45,47,75,98,52,371,False
6,717,Yveltal,Dark,Flying,5.8,203.0,45,,,False,,126,131,95,131,98,99,680,True
7,748,Toxapex,Poison,Water,0.7,14.5,75,Water 1,,True,50.0,50,63,152,53,142,35,495,False
6,718,Zygarde,Dragon,Ground,5.0,305.0,3,,,False,,108,100,121,81,95,95,600,True
7,747,Mareanie,Poison,Water,0.4,8.0,190,Water 1,,True,50.0,50,53,62,43,52,45,305,False
6,716,Xerneas,Fairy,,3.0,215.0,45,,,False,,126,131,95,131,98,99,680,True
6,715,Noivern,Flying,Dragon,1.5,85.0,45,Dragon,Flying,True,50.0,85,70,80,97,80,123,535,False
7,749,Mudbray,Ground,,1.0,110.0,190,Field,,True,50.0,70,100,70,45,55,45,385,False
7,746,Wishiwashi,Water,,0.2,0.3,60,Water 2,,True,50.0,45,20,20,25,25,40,175,False
7,743,Ribombee,Bug,Fairy,0.2,0.5,75,Bug,Fairy,True,50.0,60,55,60,95,70,124,464,False
7,745,Lycanroc,Rock,,0.8,25.0,90,Field,,True,50.0,75,115,65,55,65,112,487,False
7,744,Rockruff,Rock,,0.5,9.2,190,Field,,True,50.0,45,65,40,30,40,60,280,False
7,769,Sandygast,Ghost,Ground,0.5,70.0,140,Amorphous,,True,50.0,55,55,80,70,45,15,320,False
7,789,Cosmog,Psychic,,0.2,0.1,45,,,False,,43,29,31,29,31,37,200,True
7,788,Tapu Fini,Water,Fairy,1.3,21.2,3,,,False,,70,75,115,95,130,85,570,True
7,787,Tapu Bulu,Grass,Fairy,1.9,45.5,3,,,False,,70,130,115,85,95,75,570,True
7,785,Tapu Koko,Electric,Fairy,1.8,20.5,3,,,False,,70,115,85,95,75,130,570,True
8,810,Grookey,Grass,,0.3,5.0,45,Field,Grass,True,87.5,50,65,50,40,40,65,310,False
8,832,Dubwool,Normal,,1.3,43.0,127,Field,,True,50.0,72,80,100,60,90,88,490,False
7,783,Hakamo-o,Dragon,Fighting,1.2,47.0,45,Dragon,,True,50.0,55,75,90,65,70,65,420,False
8,831,Wooloo,Normal,,0.6,6.0,255,Field,,True,50.0,42,40,55,40,45,48,270,False
8,830,Eldegoss,Grass,,0.5,2.5,75,Grass,,True,50.0,60,50,90,80,120,60,460,False
7,784,Kommo-o,Dragon,Fighting,1.6,78.2,45,Dragon,,True,50.0,75,110,125,100,105,85,600,False
8,828,Thievul,Dark,,1.2,19.9,127,Field,,True,50.0,70,58,58,87,92,90,455,False
8,875,Eiscue,Ice,,1.4,89.0,60,Field,Water 1,True,50.0,75,80,110,65,90,50,470,False
8,827,Nickit,Dark,,0.6,8.9,255,Field,,True,50.0,40,28,28,47,52,50,245,False
7,786,Tapu Lele,Psychic,Fairy,1.2,18.6,3,,,False,,70,85,75,130,115,95,570,True
8,852,Clobbopus,Fighting,,0.6,4.0,180,Human-Like,Water 1,True,50.0,50,68,60,50,50,32,310,False
8,876,Indeedee,Psychic,Normal,0.9,28.0,30,Fairy,,True,100.0,60,65,55,105,95,95,475,False
8,826,Orbeetle,Bug,Psychic,0.4,40.8,45,Bug,,True,50.0,60,45,110,80,120,90,505,False
8,874,Stonjourner,Rock,,2.5,520.0,60,Mineral,,True,50.0,100,125,135,20,20,70,470,False
8,872,Snom,Ice,Bug,0.3,3.8,190,Bug,,True,50.0,30,25,35,45,30,20,185,False
8,873,Frosmoth,Ice,Bug,1.3,42.0,75,Bug,,True,50.0,70,65,60,125,90,65,475,False
8,896,Glastrier,Ice,,2.2,800.0,3,,,False,,100,145,130,65,110,30,580,True
8,895,Regidrago,Dragon,,2.1,200.0,3,,,False,,200,100,50,100,50,80,580,True
8,898,Calyrex,Psychic,Grass,1.1,7.7,3,,,False,,100,80,80,80,80,80,500,True
8,897,Spectrier,Ghost,,2.0,44.5,3,,,False,,100,65,60,145,80,130,580,True
8,829,Gossifleur,Grass,,0.4,2.2,190,Grass,,True,50.0,40,40,60,40,60,10,250,False
8,887,Dragapult,Dragon,Ghost,3.0,50.0,45,Amorphous,Dragon,True,50.0,88,120,75,100,75,142,600,False
8,894,Regieleki,Electric,,1.2,145.0,3,,,False,,80,100,50,100,50,200,580,True
8,888,Zacian,Fairy,Steel,2.8,355.0,10,,,False,,92,170,115,80,115,148,720,True
8,889,Zamazenta,Fighting,Steel,2.9,785.0,10,,,False,,92,130,145,80,145,128,720,True
8,892,Urshifu,Fighting,Dark,1.9,105.0,3,,,True,87.5,100,130,100,63,60,97,550,True
8,891,Kubfu,Fighting,,0.6,12.0,3,,,True,87.5,60,90,60,53,50,72,385,True
8,890,Eternatus,Poison,Dragon,20.0,950.0,255,,,False,,140,85,95,145,95,130,690,True
8,886,Drakloak,Dragon,Ghost,1.4,11.0,45,Amorphous,Dragon,True,50.0,68,80,50,60,50,102,410,False
8,885,Dreepy,Dragon,Ghost,0.5,2.0,45,Amorphous,Dragon,True,50.0,28,60,30,40,30,82,270,False
8,893,Zarude,Dark,Grass,1.8,70.0,3,,,False,,105,120,105,70,95,105,600,True
8,884,Duraludon,Steel,Dragon,1.8,40.0,45,Dragon,Mineral,True,50.0,70,95,115,120,50,85,535,False
8,881,Arctozolt,Electric,Ice,2.3,150.0,45,,,False,,90,100,90,90,80,55,505,False
8,880,Dracozolt,Electric,Dragon,1.8,190.0,45,,,False,,90,100,90,80,70,75,505,False
8,882,Dracovish,Water,Dragon,2.3,215.0,45,,,False,,90,90,100,70,80,75,505,False
8,879,Copperajah,Steel,,3.0,650.0,90,Field,Mineral,True,50.0,122,130,69,80,69,30,500,False
8,878,Cufant,Steel,,1.2,100.0,190,Field,Mineral,True,50.0,72,80,49,40,49,40,330,False
8,868,Milcery,Fairy,,0.2,0.3,200,Amorphous,Fairy,True,0.0,45,40,40,50,61,34,270,False
8,877,Morpeko,Electric,Dark,0.3,3.0,180,Fairy,Field,True,50.0,58,95,58,70,58,97,436,False
8,871,Pincurchin,Electric,,0.3,1.0,75,Amorphous,Water 1,True,50.0,48,101,95,91,85,15,435,False
8,870,Falinks,Fighting,,3.0,62.0,45,Fairy,Mineral,False,,65,100,100,70,60,75,470,False
8,869,Alcremie,Fairy,,0.3,0.5,100,Amorphous,Fairy,True,0.0,65,60,75,110,121,64,495,False
8,883,Arctovish,Water,Ice,2.0,175.0,45,,,False,,90,90,100,80,90,55,505,False
8,866,Mr. Rime,Ice,Psychic,1.5,58.2,45,Human-Like,,True,50.0,80,85,75,110,100,70,520,False
8,864,Cursola,Ghost,,1.0,0.4,30,Water 1,Water 3,True,25.0,60,95,50,145,130,30,510,False
8,865,Sirfetch'd,Fighting,,0.8,117.0,45,Field,Flying,True,50.0,62,135,95,68,82,65,507,False
8,862,Obstagoon,Dark,Normal,1.6,46.0,45,Field,,True,50.0,93,90,101,60,81,95,520,False
8,861,Grimmsnarl,Dark,Fairy,1.5,61.0,45,Fairy,Human-Like,True,100.0,95,120,65,95,75,60,510,False
8,860,Morgrem,Dark,Fairy,0.8,12.5,120,Fairy,Human-Like,True,100.0,65,60,45,75,55,70,370,False
8,863,Perrserker,Steel,,0.8,28.0,90,Field,,True,50.0,70,110,100,50,60,50,440,False
8,867,Runerigus,Ground,Ghost,1.6,66.6,90,Amorphous,Mineral,True,50.0,58,95,145,50,105,30,483,False
8,859,Impidimp,Dark,Fairy,0.4,5.5,255,Fairy,Human-Like,True,100.0,45,45,30,55,40,50,265,False
8,854,Sinistea,Ghost,,0.1,0.2,120,Amorphous,Mineral,False,,40,45,45,74,54,50,308,False
8,857,Hattrem,Psychic,,0.6,4.8,120,Fairy,,True,0.0,57,40,65,86,73,49,370,False
8,855,Polteageist,Ghost,,0.2,0.4,60,Amorphous,Mineral,False,,60,65,65,134,114,70,508,False
8,851,Centiskorch,Fire,Bug,3.0,120.0,75,Bug,,True,50.0,100,115,65,90,90,65,525,False
8,853,Grapploct,Fighting,,1.6,39.0,45,Human-Like,Water 1,True,50.0,80,118,90,70,80,42,480,False
8,850,Sizzlipede,Fire,Bug,0.7,1.0,190,Bug,,True,50.0,50,65,45,50,50,45,305,False
8,858,Hatterene,Psychic,Fairy,2.1,5.0,45,Fairy,,True,0.0,57,90,95,136,103,29,510,False
8,847,Barraskewda,Water,,1.3,30.0,60,Water 2,,True,50.0,61,123,60,60,50,136,490,False
8,856,Hatenna,Psychic,,0.4,3.4,235,Fairy,,True,0.0,42,30,45,56,53,39,265,False
8,848,Toxel,Electric,Poison,0.4,11.0,75,,,True,50.0,40,38,35,54,35,40,242,False
8,849,Toxtricity,Electric,Poison,1.6,40.0,45,Human-Like,,True,50.0,75,98,70,114,70,75,502,False
8,846,Arrokuda,Water,,0.5,1.0,255,Water 2,,True,50.0,41,63,40,40,30,66,280,False
8,845,Cramorant,Flying,Water,0.8,18.0,45,Flying,Water 1,True,50.0,70,85,55,85,95,85,475,False
8,843,Silicobra,Ground,,2.2,7.6,255,Dragon,Field,True,50.0,52,57,75,35,50,46,315,False
8,840,Applin,Grass,Dragon,0.2,0.5,255,Dragon,Grass,True,50.0,40,40,80,40,40,20,260,False
8,839,Coalossal,Rock,Fire,2.8,310.5,45,Mineral,,True,50.0,110,80,120,80,90,30,510,False
8,841,Flapple,Grass,Dragon,0.3,1.0,45,Dragon,Grass,True,50.0,70,110,80,95,60,70,485,False
8,842,Appletun,Grass,Dragon,0.4,13.0,45,Dragon,Grass,True,50.0,110,85,80,100,80,30,485,False
8,837,Rolycoly,Rock,,0.3,12.0,255,Mineral,,True,50.0,30,40,50,40,50,30,240,False
8,838,Carkol,Rock,Fire,1.1,78.0,120,Mineral,,True,50.0,80,60,90,60,70,50,410,False
8,823,Corviknight,Flying,Steel,2.2,75.0,45,Flying,,True,50.0,98,87,105,53,85,67,495,False
8,836,Boltund,Electric,,1.0,34.0,45,Field,,True,50.0,69,90,60,90,60,121,490,False
8,824,Blipbug,Bug,,0.4,8.0,255,Bug,,True,50.0,25,20,20,25,45,45,180,False
8,835,Yamper,Electric,,0.3,13.5,255,Field,,True,50.0,59,45,50,40,50,26,270,False
8,834,Drednaw,Water,Rock,1.0,115.5,75,Monster,Water 1,True,50.0,90,115,90,48,68,74,485,False
8,833,Chewtle,Water,,0.3,8.5,255,Monster,Water 1,True,50.0,50,64,50,38,38,44,284,False
8,825,Dottler,Bug,Psychic,0.4,19.5,120,Bug,,True,50.0,50,35,80,50,90,30,335,False
8,822,Corvisquire,Flying,,0.8,16.0,120,Flying,,True,50.0,68,67,55,43,55,77,365,False
8,821,Rookidee,Flying,,0.2,1.8,255,Flying,,True,50.0,38,47,35,33,35,57,245,False
8,818,Inteleon,Water,,1.9,45.2,45,Field,Water 1,True,87.5,70,85,65,125,65,120,530,False
8,817,Drizzile,Water,,0.7,11.5,45,Field,Water 1,True,87.5,65,60,55,95,55,90,420,False
8,816,Sobble,Water,,0.3,4.0,45,Field,Water 1,True,87.5,50,40,40,70,40,70,310,False
8,815,Cinderace,Fire,,1.4,33.0,45,Field,Human-Like,True,87.5,80,116,75,65,75,119,530,False
8,820,Greedent,Normal,,0.6,6.0,90,Field,,True,50.0,120,95,95,55,75,20,460,False
8,812,Rillaboom,Grass,,2.1,90.0,45,Field,Grass,True,87.5,100,125,90,60,70,85,530,False
8,811,Thwackey,Grass,,0.7,14.0,45,Field,Grass,True,87.5,70,85,70,55,60,80,420,False
8,819,Skwovet,Normal,,0.3,2.5,255,Field,,True,50.0,70,55,55,35,35,25,275,False
8,813,Scorbunny,Fire,,0.3,4.5,45,Field,Human-Like,True,87.5,50,71,40,40,40,69,310,False
7,809,Melmetal,Steel,,2.5,800.0,3,,,False,,135,143,143,80,65,34,600,True
7,805,Stakataka,Rock,Steel,5.5,820.0,30,,,False,,61,131,211,53,101,13,570,True
7,808,Meltan,Steel,,0.2,8.0,3,,,False,,46,65,65,55,35,34,300,True
7,807,Zeraora,Electric,,1.5,44.5,3,,,False,,88,112,75,102,80,143,600,True
7,806,Blacephalon,Fire,Ghost,1.8,13.0,30,,,False,,53,127,53,151,79,107,570,True
7,804,Naganadel,Poison,Dragon,3.6,150.0,45,,,False,,73,73,73,127,73,121,540,True
8,814,Raboot,Fire,,0.6,9.0,45,Field,Human-Like,True,87.5,65,86,60,55,60,94,420,False
7,801,Magearna,Steel,Fairy,1.0,80.5,3,,,False,,80,95,115,130,115,65,600,True
7,802,Marshadow,Fighting,Ghost,0.7,22.2,3,,,False,,90,125,80,90,90,125,600,True
7,800,Necrozma,Psychic,,2.4,230.0,255,,,False,,97,107,101,127,89,79,600,True
7,799,Guzzlord,Dark,Dragon,5.5,888.0,45,,,False,,223,101,53,97,53,43,570,True
7,798,Kartana,Grass,Steel,0.3,0.1,45,,,False,,59,181,131,59,31,109,570,True
7,803,Poipole,Poison,,0.6,1.8,45,,,False,,67,73,67,73,67,73,420,True
7,791,Solgaleo,Psychic,Steel,3.4,230.0,45,,,False,,137,137,107,113,89,97,680,True
7,797,Celesteela,Steel,Flying,9.2,999.9,45,,,False,,97,101,103,107,101,61,570,True
7,796,Xurkitree,Electric,,3.8,100.0,45,,,False,,83,89,71,173,71,83,570,True
7,792,Lunala,Psychic,Ghost,4.0,120.0,45,,,False,,137,113,89,137,107,97,680,True
7,795,Pheromosa,Bug,Fighting,1.8,25.0,45,,,False,,71,137,37,137,37,151,570,True
7,794,Buzzwole,Bug,Fighting,2.4,333.6,45,,,False,,107,139,139,53,53,79,570,True
7,793,Nihilego,Rock,Poison,1.2,55.5,45,,,False,,109,53,47,127,131,103,570,True
7,777,Togedemaru,Electric,Steel,0.3,3.3,180,Fairy,Field,True,50.0,65,98,63,40,73,96,435,False
7,790,Cosmoem,Psychic,,0.1,999.9,45,,,False,,43,29,131,29,131,37,400,True
8,844,Sandaconda,Ground,,3.8,65.5,120,Dragon,Field,True,50.0,72,107,125,65,70,71,510,False
7,782,Jangmo-o,Dragon,,0.6,29.7,45,Dragon,,True,50.0,45,55,65,45,45,45,300,False
7,781,Dhelmise,Ghost,Grass,3.9,210.0,25,Mineral,,False,,70,131,100,86,90,40,517,False
7,778,Mimikyu,Ghost,Fairy,0.2,0.7,45,Amorphous,,True,50.0,55,90,80,50,105,96,476,False
7,779,Bruxish,Water,Psychic,0.9,19.0,80,Water 2,,True,50.0,68,105,70,70,70,92,475,False
7,780,Drampa,Normal,Dragon,3.0,185.0,70,Dragon,Monster,True,50.0,78,60,85,135,91,36,485,False
7,775,Komala,Normal,,0.4,19.9,45,Field,,True,50.0,65,115,65,75,95,65,480,False
7,774,Minior,Rock,Flying,0.3,40.0,30,Mineral,,False,,60,60,100,60,100,60,440,False
7,770,Palossand,Ghost,Ground,1.3,250.0,60,Amorphous,,True,50.0,85,75,110,100,75,35,480,False
7,773,Silvally,Normal,,2.3,100.5,3,,,False,,95,95,95,95,95,95,570,True
7,772,Type: Null,Normal,,1.9,120.5,3,,,False,,95,95,95,95,95,59,534,True
7,776,Turtonator,Fire,Dragon,2.0,212.0,70,Dragon,Monster,True,50.0,60,78,135,91,85,36,485,False
7,771,Pyukumuku,Water,,0.3,1.2,60,Water 1,,True,50.0,55,60,130,30,130,5,410,False
7,765,Oranguru,Normal,Psychic,1.5,76.0,45,Field,,True,50.0,90,60,80,90,110,60,490,False
7,766,Passimian,Fighting,,2.0,82.8,45,Field,,True,50.0,100,120,90,40,60,80,490,False
7,764,Comfey,Fairy,,0.1,0.3,60,Grass,,True,25.0,51,52,90,82,110,100,485,False
7,762,Steenee,Grass,,0.7,8.2,120,Grass,,True,0.0,52,40,48,40,48,62,290,False
7,763,Tsareena,Grass,,1.2,21.4,45,Grass,,True,0.0,72,120,98,50,98,72,510,False
7,761,Bounsweet,Grass,,0.3,3.2,235,Grass,,True,0.0,42,30,38,30,38,32,210,False
7,760,Bewear,Normal,Fighting,2.1,135.0,70,Field,,True,50.0,120,125,80,55,60,60,500,False
7,759,Stufful,Normal,Fighting,0.5,6.8,140,Field,,True,50.0,70,75,50,45,50,50,340,False
7,758,Salazzle,Poison,Fire,1.2,22.2,45,Dragon,Monster,True,0.0,68,64,60,111,60,117,480,False
7,757,Salandit,Poison,Fire,0.6,4.8,120,Dragon,Monster,True,87.5,48,44,40,71,40,77,320,False
7,756,Shiinotic,Grass,Fairy,1.0,11.5,75,Grass,,True,50.0,60,45,80,90,100,30,405,False
7,755,Morelull,Grass,Fairy,0.2,1.5,190,Grass,,True,50.0,40,35,55,65,75,15,285,False
7,768,Golisopod,Bug,Water,2.0,108.0,45,Bug,Water 3,True,50.0,75,125,140,60,90,40,530,False
7,754,Lurantis,Grass,,0.9,18.5,75,Grass,,True,50.0,70,105,90,80,90,45,480,False
7,752,Araquanid,Water,Bug,1.8,82.0,100,Bug,Water 1,True,50.0,68,70,92,50,132,42,454,False
7,751,Dewpider,Water,Bug,0.3,4.0,200,Bug,Water 1,True,50.0,38,40,52,40,72,27,269,False
7,767,Wimpod,Bug,Water,0.5,12.0,90,Bug,Water 3,True,50.0,25,35,40,20,30,80,230,False
7,753,Fomantis,Grass,,0.3,1.5,190,Grass,,True,50.0,40,55,35,50,35,35,250,False
7,740,Crabominable,Fighting,Ice,1.7,180.0,60,Water 3,,True,50.0,97,132,77,62,67,43,478,False
7,742,Cutiefly,Bug,Fairy,0.1,0.2,190,Bug,Fairy,True,50.0,40,45,40,55,40,84,304,False
7,741,Oricorio,Fire,Flying,0.6,3.4,45,Flying,,True,25.0,75,70,70,98,70,93,476,False
7,738,Vikavolt,Bug,Electric,1.5,45.0,45,Bug,,True,50.0,77,70,90,145,75,43,500,False
7,736,Grubbin,Bug,,0.4,4.4,255,Bug,,True,50.0,47,62,45,55,45,46,300,False
7,739,Crabrawler,Fighting,,0.6,7.0,225,Water 3,,True,50.0,47,82,57,42,47,63,338,False
7,735,Gumshoos,Normal,,0.7,14.2,127,Field,,True,50.0,88,110,60,55,60,45,418,False
7,734,Yungoos,Normal,,0.4,6.0,255,Field,,True,50.0,48,70,30,30,30,45,253,False
7,732,Trumbeak,Normal,Flying,0.6,14.8,120,Flying,,True,50.0,55,85,50,40,50,75,355,False
7,733,Toucannon,Normal,Flying,1.1,26.0,45,Flying,,True,50.0,80,120,75,75,75,60,485,False
7,750,Mudsdale,Ground,,2.5,920.0,60,Field,,True,50.0,100,125,100,55,85,35,500,False
7,737,Charjabug,Bug,Electric,0.5,10.5,120,Bug,,True,50.0,57,82,95,55,75,36,400,False
7,731,Pikipek,Normal,Flying,0.3,1.2,255,Flying,,True,50.0,35,75,30,30,30,65,265,False
7,726,Torracat,Fire,,0.7,25.0,45,Field,,True,87.5,65,85,50,80,50,90,420,False
7,728,Popplio,Water,,0.4,7.5,45,Field,Water 1,True,87.5,50,54,54,66,56,40,320,False
7,727,Incineroar,Fire,Dark,1.8,83.0,45,Field,,True,87.5,95,115,90,80,90,60,530,False
7,724,Decidueye,Grass,Ghost,1.6,36.6,45,Flying,,True,87.5,78,107,75,100,100,70,530,False
7,725,Litten,Fire,,0.4,4.3,45,Field,,True,87.5,45,65,40,60,40,70,320,False
7,722,Rowlet,Grass,Flying,0.3,1.5,45,Flying,,True,87.5,68,55,55,50,50,42,320,False
6,712,Bergmite,Ice,,1.0,99.5,190,Mineral,Monster,True,50.0,55,69,85,32,35,28,304,False
7,723,Dartrix,Grass,Flying,0.7,16.0,45,Flying,,True,87.5,78,75,75,70,70,52,420,False
6,714,Noibat,Flying,Dragon,0.5,8.0,190,Dragon,Flying,True,50.0,40,30,35,45,40,55,245,False
6,713,Avalugg,Ice,,2.0,505.0,55,Mineral,Monster,True,50.0,95,117,184,44,46,28,514,False
6,711,Gourgeist,Ghost,Grass,0.9,12.5,60,Amorphous,,True,50.0,65,90,122,58,75,84,494,False
6,709,Trevenant,Ghost,Grass,1.5,71.0,60,Amorphous,Grass,True,50.0,85,110,76,65,82,56,474,False
6,708,Phantump,Ghost,Grass,0.4,7.0,120,Amorphous,Grass,True,50.0,43,70,48,50,60,38,309,False
7,730,Primarina,Water,Fairy,1.8,44.0,45,Field,Water 1,True,87.5,80,74,74,126,116,60,530,False
6,707,Klefki,Steel,Fairy,0.2,3.0,75,Mineral,,True,50.0,57,80,91,80,87,75,470,False
6,706,Goodra,Dragon,,2.0,150.5,45,Dragon,,True,50.0,90,100,70,110,150,80,600,False
7,729,Brionne,Water,,0.6,17.5,45,Field,Water 1,True,87.5,60,69,69,91,81,50,420,False
6,710,Pumpkaboo,Ghost,Grass,0.4,5.0,120,Amorphous,,True,50.0,49,66,70,44,55,51,335,False
6,705,Sliggoo,Dragon,,0.8,17.5,45,Dragon,,True,50.0,68,75,53,83,113,60,452,False
6,702,Dedenne,Electric,Fairy,0.2,2.2,180,Fairy,Field,True,50.0,67,58,57,81,67,101,431,False
6,701,Hawlucha,Fighting,Flying,0.8,21.5,100,Flying,Human-Like,True,50.0,78,92,75,74,63,118,500,False
6,703,Carbink,Rock,Fairy,0.3,5.7,60,Fairy,Mineral,False,,50,50,150,50,150,50,500,False
6,697,Tyrantrum,Rock,Dragon,2.5,270.0,45,Dragon,Monster,True,87.5,82,121,119,69,59,71,521,False
6,700,Sylveon,Fairy,,1.0,23.5,45,Field,,True,87.5,95,65,65,110,130,60,525,False
6,698,Amaura,Rock,Ice,1.3,25.2,45,Monster,,True,87.5,77,59,50,67,63,46,362,False
6,704,Goomy,Dragon,,0.3,2.8,45,Dragon,,True,50.0,45,50,35,55,75,40,300,False
6,690,Skrelp,Poison,Water,0.5,7.3,225,Dragon,Water 1,True,50.0,50,60,60,60,60,30,320,False
6,694,Helioptile,Electric,Normal,0.5,6.0,190,Dragon,Monster,True,50.0,44,38,33,61,43,70,289,False
6,696,Tyrunt,Rock,Dragon,0.8,26.0,45,Dragon,Monster,True,87.5,58,89,77,45,45,48,362,False
6,693,Clawitzer,Water,,1.3,35.3,55,Water 1,Water 3,True,50.0,71,73,88,120,89,59,500,False
6,691,Dragalge,Poison,Dragon,1.8,81.5,55,Dragon,Water 1,True,50.0,65,75,90,97,123,44,494,False
6,699,Aurorus,Rock,Ice,2.7,225.0,45,Monster,,True,87.5,123,77,72,99,92,58,521,False
6,692,Clauncher,Water,,0.5,8.3,225,Water 1,Water 3,True,50.0,50,53,62,58,63,44,330,False
6,689,Barbaracle,Rock,Water,1.3,96.0,45,Water 3,,True,50.0,72,105,115,54,86,68,500,False
6,688,Binacle,Rock,Water,0.5,31.0,120,Water 3,,True,50.0,42,52,67,39,56,50,306,False
6,687,Malamar,Dark,Psychic,1.5,47.0,80,Water 1,Water 2,True,50.0,86,92,88,68,75,73,482,False
6,686,Inkay,Dark,Psychic,0.4,3.5,190,Water 1,Water 2,True,50.0,53,54,53,37,46,45,288,False
6,695,Heliolisk,Electric,Normal,1.0,21.0,75,Dragon,Monster,True,50.0,62,55,52,109,94,109,481,False
6,683,Aromatisse,Fairy,,0.8,15.5,140,Fairy,,True,50.0,101,72,72,99,89,29,462,False
6,685,Slurpuff,Fairy,,0.8,5.0,140,Fairy,,True,50.0,82,80,86,85,75,72,480,False
6,682,Spritzee,Fairy,,0.2,0.5,200,Fairy,,True,50.0,78,52,60,63,65,23,341,False
6,681,Aegislash,Steel,Ghost,1.7,53.0,45,Mineral,,True,50.0,60,50,140,50,140,60,500,False
6,680,Doublade,Steel,Ghost,0.8,4.5,90,Mineral,,True,50.0,59,110,150,45,49,35,448,False
6,679,Honedge,Steel,Ghost,0.8,2.0,180,Mineral,,True,50.0,45,80,100,35,37,28,325,False
6,684,Swirlix,Fairy,,0.4,3.5,200,Fairy,,True,50.0,62,48,66,59,57,49,341,False
6,677,Espurr,Psychic,,0.3,3.5,190,Field,,True,50.0,62,48,54,63,60,68,355,False
6,676,Furfrou,Normal,,1.2,28.0,160,Field,,True,50.0,75,80,60,65,90,102,472,False
6,668,Pyroar,Fire,Normal,1.5,81.5,65,Field,,True,12.5,86,68,72,109,66,106,507,False
6,667,Litleo,Fire,Normal,0.6,13.5,220,Field,,True,12.5,62,50,58,73,54,72,369,False
6,678,Meowstic,Psychic,,0.6,8.5,75,Field,,True,100.0,74,48,76,83,81,104,466,False
6,665,Spewpa,Bug,,0.3,8.4,120,Bug,,True,50.0,45,22,60,27,30,29,213,False
6,664,Scatterbug,Bug,,0.3,2.5,255,Bug,,True,50.0,38,35,40,27,25,35,200,False
6,666,Vivillon,Bug,Flying,1.2,17.0,45,Bug,,True,50.0,80,52,50,90,50,89,411,False
6,663,Talonflame,Fire,Flying,1.2,24.5,45,Flying,,True,50.0,78,81,71,74,69,126,499,False
6,669,Flabébé,Fairy,,0.1,0.1,225,Fairy,,True,0.0,44,38,39,61,79,42,303,False
6,655,Delphox,Fire,Psychic,1.5,39.0,45,Field,,True,87.5,75,69,72,114,100,104,534,False
6,662,Fletchinder,Fire,Flying,0.7,16.0,120,Flying,,True,50.0,62,73,55,56,52,84,382,False
6,661,Fletchling,Normal,Flying,0.3,1.7,255,Flying,,True,50.0,45,50,43,40,38,62,278,False
6,657,Frogadier,Water,,0.6,10.9,45,Water 1,,True,87.5,54,63,52,83,56,97,405,False
6,658,Greninja,Water,Dark,1.5,40.0,45,Water 1,,True,87.5,72,95,67,103,71,122,530,False
6,659,Bunnelby,Normal,,0.4,5.0,255,Field,,True,50.0,38,36,38,32,36,57,237,False
6,656,Froakie,Water,,0.3,7.0,45,Water 1,,True,87.5,41,56,40,62,44,71,314,False
6,660,Diggersby,Normal,Ground,1.0,42.4,127,Field,,True,50.0,85,56,77,50,77,78,423,False
6,654,Braixen,Fire,,1.0,14.5,45,Field,,True,87.5,59,59,58,90,70,73,409,False
6,653,Fennekin,Fire,,0.4,9.4,45,Field,,True,87.5,40,45,40,62,60,60,307,False
5,649,Genesect,Bug,Steel,1.5,82.5,3,,,False,,71,120,95,120,95,99,600,True
6,652,Chesnaught,Grass,Fighting,1.6,90.0,45,Field,,True,87.5,88,107,122,74,75,64,530,False
6,651,Quilladin,Grass,,0.7,29.0,45,Field,,True,87.5,61,78,95,56,58,57,405,False
5,647,Keldeo,Water,Fighting,1.4,48.5,3,,,False,,91,72,90,129,90,108,580,True
6,650,Chespin,Grass,,0.4,9.0,45,Field,,True,87.5,56,61,65,48,45,38,313,False
5,646,Kyurem,Dragon,Ice,3.0,325.0,3,,,False,,125,130,90,130,90,95,660,True
5,645,Landorus,Ground,Flying,1.5,68.0,3,,,True,100.0,89,125,90,115,80,101,600,True
5,644,Zekrom,Dragon,Electric,2.9,345.0,3,,,False,,100,150,120,120,100,90,680,True
5,643,Reshiram,Dragon,Fire,3.2,330.0,3,,,False,,100,120,100,150,120,90,680,True
5,642,Thundurus,Electric,Flying,1.5,61.0,3,,,True,100.0,79,115,70,125,80,111,580,True
5,640,Virizion,Grass,Fighting,2.0,200.0,3,,,False,,91,90,72,90,129,108,580,True
5,648,Meloetta,Normal,Psychic,0.6,6.5,3,,,False,,100,77,77,128,128,90,600,True
5,638,Cobalion,Steel,Fighting,2.1,250.0,3,,,False,,91,90,129,90,72,108,580,True
5,636,Larvesta,Bug,Fire,1.1,28.8,45,Bug,,True,50.0,55,85,55,50,55,60,360,False
5,635,Hydreigon,Dark,Dragon,1.8,160.0,45,Dragon,,True,50.0,92,105,90,125,90,98,600,False
5,634,Zweilous,Dark,Dragon,1.4,50.0,45,Dragon,,True,50.0,72,85,70,65,70,58,420,False
5,637,Volcarona,Bug,Fire,1.6,46.0,15,Bug,,True,50.0,85,60,65,135,105,100,550,False
5,639,Terrakion,Rock,Fighting,1.9,260.0,3,,,False,,91,129,90,72,90,108,580,True
5,626,Bouffalant,Normal,,1.6,94.6,45,Field,,True,50.0,95,110,95,40,95,55,490,False
5,625,Bisharp,Dark,Steel,1.6,70.0,45,Human-Like,,True,50.0,65,125,100,60,70,70,490,False
5,624,Pawniard,Dark,Steel,0.5,10.2,120,Human-Like,,True,50.0,45,85,70,40,40,60,340,False
5,641,Tornadus,Flying,,1.5,63.0,3,,,True,100.0,79,115,70,125,80,111,580,True
5,623,Golurk,Ground,Ghost,2.8,330.0,90,Mineral,,False,,89,124,80,55,80,55,483,False
5,622,Golett,Ground,Ghost,1.0,92.0,190,Mineral,,False,,59,74,50,35,50,35,303,False
5,621,Druddigon,Dragon,,1.6,139.0,45,Dragon,Monster,True,50.0,77,120,90,60,90,48,485,False
5,620,Mienshao,Fighting,,1.4,35.5,45,Field,Human-Like,True,50.0,65,125,60,95,60,105,510,False
5,619,Mienfoo,Fighting,,0.9,20.0,180,Field,Human-Like,True,50.0,45,85,50,55,50,65,350,False
5,618,Stunfisk,Ground,Electric,0.7,11.0,75,Amorphous,Water 1,True,50.0,109,66,84,81,99,32,471,False
5,633,Deino,Dark,Dragon,0.8,17.3,45,Dragon,,True,50.0,52,65,50,45,50,38,300,False
5,617,Accelgor,Bug,,0.8,25.3,75,Bug,,True,50.0,80,70,40,100,60,145,495,False
5,616,Shelmet,Bug,,0.4,7.7,200,Bug,,True,50.0,50,40,85,40,65,25,305,False
5,614,Beartic,Ice,,2.6,260.0,60,Field,,True,50.0,95,130,80,70,80,50,505,False
5,615,Cryogonal,Ice,,1.1,148.0,25,Mineral,,False,,80,50,50,95,135,105,515,False
5,613,Cubchoo,Ice,,0.5,8.5,120,Field,,True,50.0,55,70,40,60,40,40,305,False
5,612,Haxorus,Dragon,,1.8,105.5,45,Dragon,Monster,True,50.0,76,147,90,60,70,97,540,False
5,611,Fraxure,Dragon,,1.0,36.0,60,Dragon,Monster,True,50.0,66,117,70,40,50,67,410,False
5,609,Chandelure,Ghost,Fire,1.0,34.3,45,Amorphous,,True,50.0,60,55,90,145,90,80,520,False
5,608,Lampent,Ghost,Fire,0.6,13.0,90,Amorphous,,True,50.0,60,40,60,95,60,55,370,False
5,610,Axew,Dragon,,0.6,18.0,75,Dragon,Monster,True,50.0,46,87,60,30,40,57,320,False
5,605,Elgyem,Psychic,,0.5,9.0,255,Human-Like,,True,50.0,55,55,55,85,55,30,335,False
5,604,Eelektross,Electric,,2.1,80.5,30,Amorphous,,True,50.0,85,115,80,105,80,50,515,False
5,603,Eelektrik,Electric,,1.2,22.0,60,Amorphous,,True,50.0,65,85,70,75,70,40,405,False
5,606,Beheeyem,Psychic,,1.0,34.5,90,Human-Like,,True,50.0,75,75,75,125,95,40,485,False
5,602,Tynamo,Electric,,0.2,0.3,190,Amorphous,,True,50.0,35,55,40,45,40,60,275,False
5,601,Klinklang,Steel,,0.6,81.0,30,Mineral,,False,,60,100,115,70,85,90,520,False
5,607,Litwick,Ghost,Fire,0.3,3.1,190,Amorphous,,True,50.0,50,30,55,65,55,20,275,False
5,600,Klang,Steel,,0.6,51.0,60,Mineral,,False,,60,80,95,70,85,50,440,False
5,593,Jellicent,Water,Ghost,2.2,135.0,60,Amorphous,,True,50.0,100,60,70,85,105,60,480,False
5,599,Klink,Steel,,0.3,21.0,130,Mineral,,False,,40,55,70,45,60,30,300,False
5,598,Ferrothorn,Grass,Steel,1.0,110.0,90,Grass,Mineral,True,50.0,74,94,131,54,116,20,489,False
5,597,Ferroseed,Grass,Steel,0.6,18.8,255,Grass,Mineral,True,50.0,44,50,91,24,86,10,305,False
5,596,Galvantula,Bug,Electric,0.8,14.3,75,Bug,,True,50.0,70,77,60,97,60,108,472,False
5,595,Joltik,Bug,Electric,0.1,0.6,190,Bug,,True,50.0,50,47,50,57,50,65,319,False
5,594,Alomomola,Water,,1.2,31.6,75,Water 1,Water 2,True,50.0,165,75,80,40,45,65,470,False
5,592,Frillish,Water,Ghost,1.2,33.0,190,Amorphous,,True,50.0,55,40,50,65,85,40,335,False
5,590,Foongus,Grass,Poison,0.2,1.0,190,Grass,,True,50.0,69,55,45,55,55,15,294,False
5,589,Escavalier,Bug,Steel,1.0,33.0,75,Bug,,True,50.0,70,135,105,60,105,20,495,False
5,588,Karrablast,Bug,,0.5,5.9,200,Bug,,True,50.0,50,75,45,40,45,60,315,False
5,587,Emolga,Electric,Flying,0.4,5.0,200,Field,,True,50.0,55,75,60,75,60,103,428,False
5,591,Amoonguss,Grass,Poison,0.6,10.5,75,Grass,,True,50.0,114,85,70,85,80,30,464,False
5,576,Gothitelle,Psychic,,1.5,44.0,50,Human-Like,,True,25.0,70,55,95,95,110,65,490,False
5,577,Solosis,Psychic,,0.3,1.0,200,Amorphous,,True,50.0,45,30,40,105,50,20,290,False
5,586,Sawsbuck,Normal,Grass,1.9,92.5,75,Field,,True,50.0,80,100,70,60,70,95,475,False
5,585,Deerling,Normal,Grass,0.6,19.5,190,Field,,True,50.0,60,60,50,40,50,75,335,False
5,584,Vanilluxe,Ice,,1.3,57.5,45,Mineral,,True,50.0,71,95,85,110,95,79,535,False
5,575,Gothorita,Psychic,,0.7,18.0,100,Human-Like,,True,25.0,60,45,70,75,85,55,390,False
5,570,Zorua,Dark,,0.7,12.5,75,Field,,True,87.5,40,65,40,80,40,65,330,False
5,572,Minccino,Normal,,0.4,5.8,255,Field,,True,25.0,55,50,40,40,40,75,300,False
5,574,Gothita,Psychic,,0.4,5.8,200,Human-Like,,True,25.0,45,30,50,55,65,45,290,False
5,571,Zoroark,Dark,,1.6,81.1,45,Field,,True,87.5,60,105,60,120,60,105,510,False
5,565,Carracosta,Water,Rock,1.2,81.0,45,Water 1,Water 3,True,87.5,74,108,133,83,65,32,495,False
5,568,Trubbish,Poison,,0.6,31.0,190,Mineral,,True,50.0,50,50,62,40,62,65,329,False
5,569,Garbodor,Poison,,1.9,107.3,60,Mineral,,True,50.0,80,95,82,60,82,75,474,False
5,567,Archeops,Rock,Flying,1.4,32.0,45,Flying,Water 3,True,87.5,75,140,65,112,65,110,567,False
5,562,Yamask,Ghost,,0.5,1.5,190,Amorphous,Mineral,True,50.0,38,30,85,55,65,30,303,False
5,561,Sigilyph,Psychic,Flying,1.4,14.0,45,Flying,,True,50.0,72,58,80,103,80,97,490,False
5,564,Tirtouga,Water,Rock,0.7,16.5,45,Water 1,Water 3,True,87.5,54,78,103,53,45,22,355,False
5,563,Cofagrigus,Ghost,,1.7,76.5,90,Amorphous,Mineral,True,50.0,58,50,145,95,105,30,483,False
5,579,Reuniclus,Psychic,,1.0,20.1,50,Amorphous,,True,50.0,110,65,75,125,85,30,490,False
5,578,Duosion,Psychic,,0.6,8.0,100,Amorphous,,True,50.0,65,40,50,125,60,30,370,False
5,560,Scrafty,Dark,Fighting,1.1,30.0,90,Dragon,Field,True,50.0,65,90,115,45,115,58,488,False
5,559,Scraggy,Dark,Fighting,0.6,11.8,180,Dragon,Field,True,50.0,50,75,70,35,70,48,348,False
5,558,Crustle,Bug,Rock,1.4,200.0,75,Bug,Mineral,True,50.0,70,105,125,65,75,45,485,False
5,557,Dwebble,Bug,Rock,0.3,14.5,190,Bug,Mineral,True,50.0,50,65,85,35,35,55,325,False
5,555,Darmanitan,Fire,,1.3,92.9,60,Field,,True,50.0,105,140,55,30,55,95,480,False
5,573,Cinccino,Normal,,0.5,7.5,60,Field,,True,25.0,75,95,60,65,60,115,470,False
5,566,Archen,Rock,Flying,0.5,9.5,45,Flying,Water 3,True,87.5,55,112,45,74,45,70,401,False
5,556,Maractus,Grass,,1.0,28.0,255,Grass,,True,50.0,75,86,67,106,67,60,461,False
5,551,Sandile,Ground,Dark,0.7,15.2,180,Field,,True,50.0,50,72,35,35,35,65,292,False
5,553,Krookodile,Ground,Dark,1.5,96.3,45,Field,,True,50.0,95,117,80,65,70,92,519,False
5,552,Krokorok,Ground,Dark,1.0,33.4,90,Field,,True,50.0,60,82,45,45,45,74,351,False
5,554,Darumaka,Fire,,0.6,37.5,120,Field,,True,50.0,70,90,45,15,45,50,315,False
5,550,Basculin,Water,,1.0,18.0,25,Water 2,,True,50.0,70,92,65,80,55,98,460,False
5,548,Petilil,Grass,,0.5,6.6,190,Grass,,True,0.0,45,35,50,70,50,30,280,False
5,543,Venipede,Bug,Poison,0.4,5.3,255,Bug,,True,50.0,30,45,59,30,39,57,260,False
5,546,Cottonee,Grass,Fairy,0.3,0.6,190,Fairy,Grass,True,50.0,40,27,60,37,50,66,280,False
5,545,Scolipede,Bug,Poison,2.5,200.5,45,Bug,,True,50.0,60,100,89,55,69,112,485,False
5,549,Lilligant,Grass,,1.1,16.3,75,Grass,,True,0.0,70,60,75,110,75,90,480,False
5,544,Whirlipede,Bug,Poison,1.2,58.5,120,Bug,,True,50.0,40,55,99,40,79,47,360,False
5,547,Whimsicott,Grass,Fairy,0.7,6.6,75,Fairy,Grass,True,50.0,60,67,85,77,75,116,480,False
5,542,Leavanny,Bug,Grass,1.2,20.5,45,Bug,,True,50.0,75,103,80,70,80,92,500,False
5,541,Swadloon,Bug,Grass,0.5,7.3,120,Bug,,True,50.0,55,63,90,50,80,42,380,False
5,532,Timburr,Fighting,,0.6,12.5,180,Human-Like,,True,75.0,75,80,55,25,35,35,305,False
5,533,Gurdurr,Fighting,,1.2,40.0,90,Human-Like,,True,75.0,85,105,85,40,50,40,405,False
5,531,Audino,Normal,,1.1,31.0,255,Fairy,,True,50.0,103,60,86,60,86,50,445,False
5,540,Sewaddle,Bug,Grass,0.3,2.5,255,Bug,,True,50.0,45,53,70,40,60,42,310,False
5,530,Excadrill,Ground,Steel,0.7,40.4,60,Field,,True,50.0,110,135,60,50,65,88,508,False
5,539,Sawk,Fighting,,1.4,51.0,45,Human-Like,,True,100.0,75,125,75,30,75,85,465,False
5,528,Swoobat,Psychic,Flying,0.9,10.5,45,Field,Flying,True,50.0,67,57,55,77,55,114,425,False
5,527,Woobat,Psychic,Flying,0.4,2.1,190,Field,Flying,True,50.0,65,45,43,55,43,72,323,False
5,526,Gigalith,Rock,,1.7,260.0,45,Mineral,,True,50.0,85,135,130,60,80,25,515,False
5,525,Boldore,Rock,,0.9,102.0,120,Mineral,,True,50.0,70,105,105,50,40,20,390,False
5,524,Roggenrola,Rock,,0.4,18.0,255,Mineral,,True,50.0,55,75,85,25,25,15,280,False
5,523,Zebstrika,Electric,,1.6,79.5,75,Field,,True,50.0,75,100,63,80,63,116,497,False
5,521,Unfezant,Normal,Flying,1.2,29.0,45,Flying,,True,50.0,80,115,80,65,55,93,488,False
5,529,Drilbur,Ground,,0.3,8.5,120,Field,,True,50.0,60,85,40,30,45,68,328,False
5,522,Blitzle,Electric,,0.8,29.8,190,Field,,True,50.0,45,60,32,50,32,76,295,False
5,516,Simipour,Water,,1.0,29.0,75,Field,,True,87.5,75,98,63,98,63,101,498,False
5,514,Simisear,Fire,,1.0,28.0,75,Field,,True,87.5,75,98,63,98,63,101,498,False
5,519,Pidove,Normal,Flying,0.3,2.1,255,Flying,,True,50.0,50,55,50,36,30,43,264,False
5,518,Musharna,Psychic,,1.1,60.5,75,Field,,True,50.0,116,55,85,107,95,29,487,False
5,520,Tranquill,Normal,Flying,0.6,15.0,120,Flying,,True,50.0,62,77,62,50,42,65,358,False
5,517,Munna,Psychic,,0.6,23.3,190,Field,,True,50.0,76,25,45,67,55,24,292,False
5,507,Herdier,Normal,,0.9,14.7,120,Field,,True,50.0,65,80,65,35,65,60,370,False
5,512,Simisage,Grass,,1.1,30.5,75,Field,,True,87.5,75,98,63,98,63,101,498,False
5,511,Pansage,Grass,,0.6,10.5,190,Field,,True,87.5,50,53,48,53,48,64,316,False
5,508,Stoutland,Normal,,1.2,61.0,45,Field,,True,50.0,85,110,90,45,90,80,500,False
5,515,Panpour,Water,,0.6,13.5,190,Field,,True,87.5,50,53,48,53,48,64,316,False
5,513,Pansear,Fire,,0.6,11.0,190,Field,,True,87.5,50,53,48,53,48,64,316,False
5,510,Liepard,Dark,,1.1,37.5,90,Field,,True,50.0,64,88,50,88,50,106,446,False
5,509,Purrloin,Dark,,0.4,10.1,255,Field,,True,50.0,41,50,37,50,37,66,281,False
5,506,Lillipup,Normal,,0.4,4.1,255,Field,,True,50.0,45,60,45,25,45,55,275,False
5,505,Watchog,Normal,,1.1,27.0,255,Field,,True,50.0,60,85,69,60,69,77,420,False
5,504,Patrat,Normal,,0.5,11.6,255,Field,,True,50.0,45,55,39,35,39,42,255,False
5,503,Samurott,Water,,1.5,94.6,45,Field,,True,87.5,95,100,85,108,70,70,528,False
5,501,Oshawott,Water,,0.5,5.9,45,Field,,True,87.5,55,55,45,63,45,45,308,False
5,500,Emboar,Fire,Fighting,1.6,150.0,45,Field,,True,87.5,110,123,65,100,65,65,528,False
5,499,Pignite,Fire,Fighting,1.0,55.5,45,Field,,True,87.5,90,93,55,70,55,55,418,False
5,502,Dewott,Water,,0.8,24.5,45,Field,,True,87.5,75,75,60,83,60,60,413,False
5,498,Tepig,Fire,,0.5,9.9,45,Field,,True,87.5,65,63,45,45,45,45,308,False
5,497,Serperior,Grass,,3.3,63.0,45,Field,Grass,True,87.5,75,75,95,75,95,113,528,False
4,485,Heatran,Fire,Steel,1.7,430.0,3,,,True,50.0,91,90,106,130,106,77,600,True
5,496,Servine,Grass,,0.8,16.0,45,Field,Grass,True,87.5,60,60,75,60,75,83,413,False
5,495,Snivy,Grass,,0.6,8.1,45,Field,Grass,True,87.5,45,45,55,45,55,63,308,False
4,487,Giratina,Ghost,Dragon,4.5,750.0,3,,,False,,150,100,120,100,120,90,680,True
4,486,Regigigas,Normal,,3.7,420.0,3,,,False,,110,160,110,80,110,100,670,True
4,483,Dialga,Steel,Dragon,5.4,683.0,3,,,False,,100,120,120,150,100,90,680,True
4,481,Mesprit,Psychic,,0.3,0.3,3,,,False,,80,105,105,105,105,80,580,True
4,480,Uxie,Psychic,,0.3,0.3,3,,,False,,75,75,130,75,130,95,580,True
4,488,Cresselia,Psychic,,1.5,85.6,3,,,True,0.0,120,70,120,75,130,85,600,True
4,482,Azelf,Psychic,,0.3,0.3,3,,,False,,75,125,70,125,70,115,580,True
4,479,Rotom,Electric,Ghost,0.3,0.3,45,Amorphous,,False,,50,50,77,95,77,91,440,False
4,478,Froslass,Ice,Ghost,1.3,26.6,75,Fairy,Mineral,True,0.0,70,80,70,80,70,110,480,False
4,484,Palkia,Water,Dragon,4.2,336.0,3,,,False,,90,120,100,150,120,100,680,True
4,470,Leafeon,Grass,,1.0,25.5,45,Field,,True,87.5,65,110,130,60,65,95,525,False
4,477,Dusknoir,Ghost,,2.2,106.6,45,Amorphous,,True,50.0,45,100,135,65,135,45,525,False
4,476,Probopass,Rock,Steel,1.4,340.0,60,Mineral,,True,50.0,60,55,145,75,150,40,525,False
4,475,Gallade,Psychic,Fighting,1.6,52.0,45,Amorphous,Human-Like,True,100.0,68,125,65,65,115,80,518,False
4,474,Porygon-Z,Normal,,0.9,34.0,30,Mineral,,False,,85,80,70,135,75,90,535,False
4,473,Mamoswine,Ice,Ground,2.5,291.0,50,Field,,True,50.0,110,130,80,70,60,80,530,False
4,472,Gliscor,Ground,Flying,2.0,42.5,30,Bug,,True,50.0,75,95,125,45,75,95,510,False
4,471,Glaceon,Ice,,0.8,25.9,45,Field,,True,87.5,65,60,110,130,95,65,525,False
4,469,Yanmega,Bug,Flying,1.9,51.5,30,Bug,,True,50.0,86,76,86,116,56,95,515,False
4,468,Togekiss,Fairy,Flying,1.5,38.0,30,Fairy,Flying,True,87.5,85,50,95,120,115,80,545,False
4,467,Magmortar,Fire,,1.6,68.0,30,Human-Like,,True,75.0,75,95,67,125,95,83,540,False
4,463,Lickilicky,Normal,,1.7,140.0,30,Monster,,True,50.0,110,85,95,80,95,50,515,False
4,464,Rhyperior,Ground,Rock,2.4,282.8,30,Field,Monster,True,50.0,115,140,130,55,55,40,535,False
4,465,Tangrowth,Grass,,2.0,128.6,30,Grass,,True,50.0,100,100,125,110,50,50,535,False
4,462,Magnezone,Electric,Steel,1.2,180.0,30,Mineral,,False,,70,70,115,130,90,60,535,False
4,466,Electivire,Electric,,1.8,138.6,30,Human-Like,,True,75.0,75,123,67,95,85,95,540,False
4,460,Abomasnow,Grass,Ice,2.2,135.5,60,Grass,Monster,True,50.0,90,92,75,92,85,60,494,False
4,459,Snover,Grass,Ice,1.0,50.5,120,Grass,Monster,True,50.0,60,62,50,62,60,40,334,False
4,449,Hippopotas,Ground,,0.8,49.5,140,Field,,True,50.0,68,72,78,38,42,32,330,False
4,458,Mantyke,Water,Flying,1.0,65.0,25,,,True,50.0,45,20,50,60,120,50,345,False
4,455,Carnivine,Grass,,1.4,27.0,200,Grass,,True,50.0,74,100,72,90,72,46,454,False
4,457,Lumineon,Water,,1.2,24.0,75,Water 2,,True,50.0,69,69,76,69,86,91,460,False
4,456,Finneon,Water,,0.4,7.0,190,Water 2,,True,50.0,49,49,56,49,61,66,330,False
4,461,Weavile,Dark,Ice,1.1,34.0,45,Field,,True,50.0,70,120,65,45,85,125,510,False
4,441,Chatot,Normal,Flying,0.5,1.9,30,Flying,,True,50.0,76,65,45,92,42,91,411,False
4,448,Lucario,Fighting,Steel,1.2,54.0,45,Field,Human-Like,True,87.5,70,110,70,115,70,90,525,False
4,447,Riolu,Fighting,,0.7,20.2,75,,,True,87.5,40,70,40,35,40,60,285,False
4,446,Munchlax,Normal,,0.6,105.0,50,,,True,87.5,135,85,40,40,85,5,390,False
4,443,Gible,Dragon,Ground,0.7,20.5,45,Dragon,Monster,True,50.0,58,70,45,40,45,42,300,False
4,445,Garchomp,Dragon,Ground,1.9,95.0,45,Dragon,Monster,True,50.0,108,130,95,80,85,102,600,False
4,444,Gabite,Dragon,Ground,1.4,56.0,45,Dragon,Monster,True,50.0,68,90,65,50,55,82,410,False
4,440,Happiny,Normal,,0.6,24.4,130,,,True,0.0,100,5,5,15,65,30,220,False
4,438,Bonsly,Rock,,0.5,15.0,255,,,True,50.0,50,80,95,10,45,10,290,False
4,437,Bronzong,Steel,Psychic,1.3,187.0,90,Mineral,,False,,67,89,116,79,116,33,500,False
4,435,Skuntank,Poison,Dark,1.0,38.0,60,Field,,True,50.0,103,93,67,71,61,84,479,False
4,434,Stunky,Poison,Dark,0.4,19.2,225,Field,,True,50.0,63,63,47,41,41,74,329,False
4,436,Bronzor,Steel,Psychic,0.5,60.5,255,Mineral,,False,,57,24,86,24,86,23,300,False
4,439,Mime Jr.,Psychic,Fairy,0.6,13.0,145,,,True,50.0,20,25,45,70,90,60,310,False
4,433,Chingling,Psychic,,0.2,0.6,120,,,True,50.0,45,30,50,65,50,45,285,False
4,428,Lopunny,Normal,,1.2,33.3,60,Field,Human-Like,True,50.0,65,76,84,54,96,105,480,False
4,432,Purugly,Normal,,1.0,43.8,75,Field,,True,25.0,71,82,64,64,59,112,452,False
4,431,Glameow,Normal,,0.5,3.9,190,Field,,True,25.0,49,55,42,42,37,85,310,False
4,430,Honchkrow,Dark,Flying,0.9,27.3,30,Flying,,True,50.0,100,125,52,105,52,71,505,False
4,429,Mismagius,Ghost,,0.9,4.4,45,Amorphous,,True,50.0,60,60,60,105,105,105,495,False
4,442,Spiritomb,Ghost,Dark,1.0,108.0,100,Amorphous,,True,50.0,50,92,108,92,108,35,485,False
4,427,Buneary,Normal,,0.4,5.5,190,Field,Human-Like,True,50.0,55,66,44,44,56,85,350,False
4,424,Ambipom,Normal,,1.2,20.3,45,Field,,True,50.0,75,100,66,60,66,115,482,False
4,423,Gastrodon,Water,Ground,0.9,29.9,75,Amorphous,Water 1,True,50.0,111,83,68,92,82,39,475,False
4,425,Drifloon,Ghost,Flying,0.4,1.2,125,Amorphous,,True,50.0,90,50,34,60,44,70,348,False
4,421,Cherrim,Grass,,0.5,9.3,75,Fairy,Grass,True,50.0,70,60,70,87,78,85,450,False
4,420,Cherubi,Grass,,0.4,3.3,190,Fairy,Grass,True,50.0,45,35,45,62,53,35,275,False
4,419,Floatzel,Water,,1.1,33.5,75,Field,Water 1,True,50.0,85,105,55,85,50,115,495,False
4,422,Shellos,Water,,0.3,6.3,190,Amorphous,Water 1,True,50.0,76,48,48,57,62,34,325,False
4,426,Drifblim,Ghost,Flying,1.2,15.0,60,Amorphous,,True,50.0,150,80,44,90,54,80,498,False
4,417,Pachirisu,Electric,,0.4,3.9,200,Fairy,Field,True,50.0,60,45,70,45,90,95,405,False
4,416,Vespiquen,Bug,Flying,1.2,38.5,45,Bug,,True,0.0,70,80,102,80,102,40,474,False
4,415,Combee,Bug,Flying,0.3,5.5,120,Bug,,True,87.5,30,30,42,30,42,70,244,False
4,411,Bastiodon,Rock,Steel,1.3,149.5,45,Monster,,True,87.5,60,52,168,47,138,30,495,False
4,413,Wormadam,Bug,Grass,0.5,6.5,45,Bug,,True,0.0,60,59,85,79,105,36,424,False
4,418,Buizel,Water,,0.7,29.5,190,Field,Water 1,True,50.0,55,65,35,60,30,85,330,False
4,412,Burmy,Bug,,0.2,3.4,120,Bug,,True,50.0,40,29,45,29,45,36,224,False
4,414,Mothim,Bug,Flying,0.9,23.3,45,Bug,,True,100.0,70,94,50,94,50,66,424,False
4,402,Kricketune,Bug,,1.0,25.5,45,Bug,,True,50.0,77,85,51,55,51,65,384,False
4,401,Kricketot,Bug,,0.3,2.2,255,Bug,,True,50.0,37,25,41,25,41,25,194,False
4,400,Bibarel,Normal,Water,1.0,31.5,127,Field,Water 1,True,50.0,79,85,60,55,60,71,410,False
4,399,Bidoof,Normal,,0.5,20.0,255,Field,Water 1,True,50.0,59,45,40,35,40,31,250,False
4,398,Staraptor,Normal,Flying,1.2,24.9,45,Flying,,True,50.0,85,120,70,50,60,100,485,False
4,397,Staravia,Normal,Flying,0.6,15.5,120,Flying,,True,50.0,55,75,50,40,40,80,340,False
4,394,Prinplup,Water,,0.8,23.0,45,Field,Water 1,True,87.5,64,66,68,81,76,50,405,False
4,392,Infernape,Fire,Fighting,1.2,55.0,45,Field,Human-Like,True,87.5,76,104,71,104,71,108,534,False
4,396,Starly,Normal,Flying,0.3,2.0,255,Flying,,True,50.0,40,55,30,30,30,60,245,False
4,404,Luxio,Electric,,0.9,30.5,120,Field,,True,50.0,60,85,49,60,49,60,363,False
4,395,Empoleon,Water,Steel,1.7,84.5,45,Field,Water 1,True,87.5,84,86,88,111,101,60,530,False
3,386,Deoxys,Psychic,,1.7,60.8,3,,,False,,50,150,50,150,50,150,600,True
4,390,Chimchar,Fire,,0.5,6.2,45,Field,Human-Like,True,87.5,44,58,44,58,44,61,309,False
4,393,Piplup,Water,,0.4,5.2,45,Field,Water 1,True,87.5,53,51,53,61,56,40,314,False
4,387,Turtwig,Grass,,0.4,10.2,45,Grass,Monster,True,87.5,55,68,64,45,55,31,318,False
4,391,Monferno,Fire,Fighting,0.9,22.0,45,Field,Human-Like,True,87.5,64,78,52,78,52,81,405,False
4,389,Torterra,Grass,Ground,2.2,310.0,45,Grass,Monster,True,87.5,95,109,105,75,85,56,525,False
4,388,Grotle,Grass,,1.1,97.0,45,Grass,Monster,True,87.5,75,89,85,55,65,36,405,False
3,385,Jirachi,Steel,Psychic,0.3,1.1,3,,,False,,100,100,100,100,100,100,600,True
3,384,Rayquaza,Dragon,Flying,7.0,206.5,45,,,False,,105,150,90,150,90,95,680,True
3,383,Groudon,Ground,,3.5,950.0,3,,,False,,100,150,140,100,90,90,670,True
3,382,Kyogre,Water,,4.5,352.0,3,,,False,,100,100,90,150,140,90,670,True
4,403,Shinx,Electric,,0.5,9.5,235,Field,,True,50.0,45,65,34,40,34,45,263,False
3,381,Latios,Dragon,Psychic,2.0,60.0,3,,,True,100.0,80,90,80,130,110,110,600,True
3,380,Latias,Dragon,Psychic,1.4,40.0,3,,,True,0.0,80,80,90,110,130,110,600,True
3,379,Registeel,Steel,,1.9,205.0,3,,,False,,80,75,150,75,150,50,580,True
3,377,Regirock,Rock,,1.7,230.0,3,,,False,,80,100,200,50,100,50,580,True
3,376,Metagross,Steel,Psychic,1.6,550.0,3,Mineral,,False,,80,135,130,95,90,70,600,False
3,375,Metang,Steel,Psychic,1.2,202.5,3,Mineral,,False,,60,75,100,55,80,50,420,False
3,372,Shelgon,Dragon,,1.1,110.5,45,Dragon,,True,50.0,65,95,100,60,50,50,420,False
3,373,Salamence,Dragon,Flying,1.5,102.6,45,Dragon,,True,50.0,95,135,80,110,80,100,600,False
3,371,Bagon,Dragon,,0.6,42.1,45,Dragon,,True,50.0,45,75,60,40,30,50,300,False
3,374,Beldum,Steel,Psychic,0.6,95.2,3,Mineral,,False,,40,55,80,35,60,30,300,False
3,378,Regice,Ice,,1.8,175.0,3,,,False,,80,50,100,100,200,50,580,True
3,370,Luvdisc,Water,,0.6,8.7,225,Water 2,,True,25.0,43,30,55,40,65,97,330,False
3,364,Sealeo,Ice,Water,1.1,87.6,120,Field,Water 1,True,50.0,90,60,70,75,70,45,410,False
3,366,Clamperl,Water,,0.4,52.5,255,Water 1,,True,50.0,35,64,85,74,55,32,345,False
3,367,Huntail,Water,,1.7,27.0,60,Water 1,,True,50.0,55,104,105,94,75,52,485,False
3,365,Walrein,Ice,Water,1.4,150.6,45,Field,Water 1,True,50.0,110,80,90,95,90,65,530,False
3,368,Gorebyss,Water,,1.8,22.6,60,Water 1,,True,50.0,55,84,105,114,75,52,485,False
3,369,Relicanth,Water,Rock,1.0,23.4,25,Water 1,Water 2,True,87.5,100,90,130,45,65,55,485,False
3,357,Tropius,Grass,Flying,2.0,100.0,200,Grass,Monster,True,50.0,99,68,83,72,87,51,460,False
3,356,Dusclops,Ghost,,1.6,30.6,90,Amorphous,,True,50.0,40,70,130,60,130,25,455,False
3,351,Castform,Normal,,0.3,0.8,45,Amorphous,Fairy,True,50.0,70,70,70,70,70,70,420,False
3,355,Duskull,Ghost,,0.8,15.0,190,Amorphous,,True,50.0,20,40,90,30,90,25,295,False
3,354,Banette,Ghost,,1.1,12.5,45,Amorphous,,True,50.0,64,115,65,83,63,65,455,False
3,353,Shuppet,Ghost,,0.6,2.3,225,Amorphous,,True,50.0,44,75,35,63,33,45,295,False
3,352,Kecleon,Normal,,1.0,22.0,200,Field,,True,50.0,60,90,70,60,120,40,440,False
3,349,Feebas,Water,,0.6,7.4,255,Dragon,Water 1,True,50.0,20,15,20,10,55,80,200,False
3,348,Armaldo,Rock,Bug,1.5,68.2,45,Water 3,,True,87.5,75,125,100,70,80,45,495,False
3,350,Milotic,Water,,6.2,162.0,60,Dragon,Water 1,True,50.0,95,60,79,100,125,81,540,False
3,347,Anorith,Rock,Bug,0.7,12.5,45,Water 3,,True,87.5,45,95,50,40,50,75,355,False
3,345,Lileep,Rock,Grass,1.0,23.8,45,Water 3,,True,87.5,66,41,77,61,87,23,355,False
3,343,Baltoy,Ground,Psychic,0.5,21.5,255,Mineral,,False,,40,40,55,40,70,55,300,False
3,346,Cradily,Rock,Grass,1.5,60.4,45,Water 3,,True,87.5,86,81,97,81,107,43,495,False
3,342,Crawdaunt,Water,Dark,1.1,32.8,155,Water 1,Water 3,True,50.0,63,120,85,90,55,55,468,False
3,341,Corphish,Water,,0.6,11.5,205,Water 1,Water 3,True,50.0,43,80,65,50,35,35,308,False
3,336,Seviper,Poison,,2.7,52.5,90,Dragon,Field,True,50.0,73,100,60,100,60,65,458,False
3,340,Whiscash,Water,Ground,0.9,23.6,75,Water 2,,True,50.0,110,78,73,76,71,60,468,False
3,339,Barboach,Water,Ground,0.4,1.9,190,Water 2,,True,50.0,50,48,43,46,41,60,288,False
3,337,Lunatone,Rock,Psychic,1.0,168.0,45,Mineral,,False,,90,55,65,95,85,70,460,False
3,344,Claydol,Ground,Psychic,1.5,108.0,90,Mineral,,False,,60,70,105,70,120,75,500,False
3,338,Solrock,Rock,Psychic,1.2,154.0,45,Mineral,,False,,90,95,85,55,65,70,460,False
3,334,Altaria,Dragon,Flying,1.1,20.6,45,Dragon,Flying,True,50.0,75,70,90,70,105,80,490,False
3,332,Cacturne,Grass,Dark,1.3,77.4,60,Grass,Human-Like,True,50.0,70,115,60,115,60,55,475,False
3,333,Swablu,Normal,Flying,0.4,1.2,255,Dragon,Flying,True,50.0,45,40,60,40,75,50,310,False
3,330,Flygon,Ground,Dragon,2.0,82.0,45,Bug,Dragon,True,50.0,80,100,80,80,80,100,520,False
3,329,Vibrava,Ground,Dragon,1.1,15.3,120,Bug,Dragon,True,50.0,50,70,50,50,50,70,340,False
3,331,Cacnea,Grass,,0.4,51.3,190,Grass,Human-Like,True,50.0,50,85,40,85,40,35,335,False
3,328,Trapinch,Ground,,0.7,15.0,255,Bug,Dragon,True,50.0,45,100,45,45,45,10,290,False
3,335,Zangoose,Normal,,1.3,40.3,90,Field,,True,50.0,73,115,60,60,60,90,458,False
3,320,Wailmer,Water,,2.0,130.0,125,Field,Water 2,True,50.0,130,70,35,70,35,60,400,False
3,327,Spinda,Normal,,1.1,5.0,255,Field,Human-Like,True,50.0,60,60,60,60,60,60,360,False
3,326,Grumpig,Psychic,,0.9,71.5,60,Field,,True,50.0,80,45,65,90,110,80,470,False
3,322,Numel,Fire,Ground,0.7,24.0,255,Field,,True,50.0,60,60,40,65,45,35,305,False
3,323,Camerupt,Fire,Ground,1.9,220.0,150,Field,,True,50.0,70,100,70,105,75,40,460,False
3,321,Wailord,Water,,14.5,398.0,60,Field,Water 2,True,50.0,170,90,45,90,45,60,500,False
3,325,Spoink,Psychic,,0.7,30.6,255,Field,,True,50.0,60,25,35,70,80,60,330,False
3,324,Torkoal,Fire,,0.5,80.4,90,Field,,True,50.0,70,85,140,85,70,20,470,False
3,319,Sharpedo,Water,Dark,1.8,88.8,60,Water 2,,True,50.0,70,120,40,95,40,95,460,False
3,318,Carvanha,Water,Dark,0.8,20.8,225,Water 2,,True,50.0,45,90,20,65,20,65,305,False
3,317,Swalot,Poison,,1.7,80.0,75,Amorphous,,True,50.0,100,73,83,73,83,55,467,False
3,316,Gulpin,Poison,,0.4,10.3,225,Amorphous,,True,50.0,70,43,53,43,53,40,302,False
3,315,Roselia,Grass,Poison,0.3,2.0,150,Fairy,Grass,True,50.0,50,60,45,100,80,65,400,False
3,306,Aggron,Steel,Rock,2.1,360.0,45,Monster,,True,50.0,70,110,180,60,60,50,530,False
3,314,Illumise,Bug,,0.6,17.7,150,Bug,Human-Like,True,0.0,65,47,75,73,85,85,430,False
3,304,Aron,Steel,Rock,0.4,60.0,180,Monster,,True,50.0,50,70,100,40,40,30,330,False
3,303,Mawile,Steel,Fairy,0.6,11.5,45,Fairy,Field,True,50.0,50,85,85,55,55,50,380,False
3,302,Sableye,Dark,Ghost,0.5,11.0,45,Human-Like,,True,50.0,50,75,75,65,65,50,380,False
3,301,Delcatty,Normal,,1.1,32.6,60,Fairy,Field,True,25.0,70,65,65,55,55,90,400,False
3,300,Skitty,Normal,,0.6,11.0,255,Fairy,Field,True,25.0,50,45,45,35,35,50,260,False
3,299,Nosepass,Rock,,1.0,97.0,255,Mineral,,True,50.0,30,45,135,45,90,30,375,False
3,307,Meditite,Fighting,Psychic,0.6,11.2,180,Human-Like,,True,50.0,30,40,55,40,55,60,280,False
3,298,Azurill,Normal,Fairy,0.2,2.0,150,,,True,25.0,50,20,40,20,40,20,190,False
3,297,Hariyama,Fighting,,2.3,253.8,200,Human-Like,,True,75.0,144,120,60,40,60,50,474,False
3,296,Makuhita,Fighting,,1.0,86.4,180,Human-Like,,True,75.0,72,60,30,20,30,25,237,False
3,295,Exploud,Normal,,1.5,84.0,45,Field,Monster,True,50.0,104,91,63,91,73,68,490,False
3,294,Loudred,Normal,,1.0,40.5,120,Field,Monster,True,50.0,84,71,43,71,43,48,360,False
3,293,Whismur,Normal,,0.6,16.3,190,Field,Monster,True,50.0,64,51,23,51,23,28,240,False
3,292,Shedinja,Bug,Ghost,0.8,1.2,45,Mineral,,False,,1,90,45,30,30,40,236,False
3,305,Lairon,Steel,Rock,0.9,120.0,90,Monster,,True,50.0,60,90,140,50,50,40,430,False
3,291,Ninjask,Bug,Flying,0.8,12.0,120,Bug,,True,50.0,61,90,45,50,50,160,456,False
3,290,Nincada,Bug,Ground,0.5,5.5,255,Bug,,True,50.0,31,45,90,30,30,40,266,False
3,289,Slaking,Normal,,2.0,130.5,45,Field,,True,50.0,150,160,100,95,65,100,670,False
3,286,Breloom,Grass,Fighting,1.2,39.2,90,Fairy,Grass,True,50.0,60,130,80,60,60,70,460,False
3,288,Vigoroth,Normal,,1.4,46.5,120,Field,,True,50.0,80,80,80,55,55,90,440,False
3,287,Slakoth,Normal,,0.8,24.0,255,Field,,True,50.0,60,60,60,35,35,30,280,False
3,285,Shroomish,Grass,,0.4,4.5,255,Fairy,Grass,True,50.0,60,40,60,40,60,35,295,False
3,284,Masquerain,Bug,Flying,0.8,3.6,75,Bug,Water 1,True,50.0,70,60,62,100,82,80,454,False
3,283,Surskit,Bug,Water,0.5,1.7,200,Bug,Water 1,True,50.0,40,30,32,50,52,65,269,False
3,277,Swellow,Normal,Flying,0.7,19.8,45,Flying,,True,50.0,60,85,60,75,50,125,455,False
3,282,Gardevoir,Psychic,Fairy,1.6,48.4,45,Amorphous,Human-Like,True,50.0,68,65,65,125,115,80,518,False
3,279,Pelipper,Water,Flying,1.2,28.0,45,Flying,Water 1,True,50.0,60,50,100,95,70,65,440,False
3,278,Wingull,Water,Flying,0.6,9.5,190,Flying,Water 1,True,50.0,40,30,30,55,30,85,270,False
3,280,Ralts,Psychic,Fairy,0.4,6.6,235,Amorphous,Human-Like,True,50.0,28,25,25,45,35,40,198,False
3,281,Kirlia,Psychic,Fairy,0.8,20.2,120,Amorphous,Human-Like,True,50.0,38,35,35,65,55,50,278,False
3,275,Shiftry,Grass,Dark,1.3,59.6,45,Field,Grass,True,50.0,90,100,60,90,60,80,480,False
3,273,Seedot,Grass,,0.5,4.0,255,Field,Grass,True,50.0,40,40,50,30,30,30,220,False
3,274,Nuzleaf,Grass,Dark,1.0,28.0,120,Field,Grass,True,50.0,70,70,40,60,40,60,340,False
3,272,Ludicolo,Water,Grass,1.5,55.0,45,Grass,Water 1,True,50.0,80,70,70,90,100,70,480,False
3,271,Lombre,Water,Grass,1.2,32.5,120,Grass,Water 1,True,50.0,60,50,50,60,70,50,340,False
3,276,Taillow,Normal,Flying,0.3,2.3,200,Flying,,True,50.0,40,55,30,30,30,85,270,False
3,270,Lotad,Water,Grass,0.5,2.6,255,Grass,Water 1,True,50.0,40,30,30,40,50,30,220,False
3,257,Blaziken,Fire,Fighting,1.9,52.0,45,Field,,True,87.5,80,120,70,110,70,80,530,False
3,268,Cascoon,Bug,,0.7,11.5,120,Bug,,True,50.0,50,35,55,25,25,15,205,False
3,267,Beautifly,Bug,Flying,1.0,28.4,45,Bug,,True,50.0,60,70,50,100,50,65,395,False
3,266,Silcoon,Bug,,0.6,10.0,120,Bug,,True,50.0,50,35,55,25,25,15,205,False
3,265,Wurmple,Bug,,0.3,3.6,255,Bug,,True,50.0,45,45,35,20,30,20,195,False
3,258,Mudkip,Water,,0.4,7.6,45,Monster,Water 1,True,87.5,50,70,50,50,50,40,310,False
3,269,Dustox,Bug,Poison,1.2,31.6,45,Bug,,True,50.0,60,50,70,50,90,65,385,False
3,256,Combusken,Fire,Fighting,0.9,19.5,45,Field,,True,87.5,60,85,60,85,60,55,405,False
3,255,Torchic,Fire,,0.4,2.5,45,Field,,True,87.5,45,60,40,70,50,45,310,False
3,254,Sceptile,Grass,,1.7,52.2,45,Dragon,Monster,True,87.5,70,85,65,105,85,120,530,False
3,253,Grovyle,Grass,,0.9,21.6,45,Dragon,Monster,True,87.5,50,65,45,85,65,95,405,False
2,248,Tyranitar,Rock,Dark,2.0,202.0,45,Monster,,True,50.0,100,134,110,95,100,61,600,False
2,250,Ho-oh,Fire,Flying,3.8,199.0,3,,,False,,106,130,90,110,154,90,680,True
2,249,Lugia,Psychic,Flying,5.2,216.0,3,,,False,,106,90,130,90,154,110,680,True
3,252,Treecko,Grass,,0.5,5.0,45,Dragon,Monster,True,87.5,40,45,35,65,55,70,310,False
2,245,Suicune,Water,,2.0,187.0,3,,,False,,100,75,115,90,115,85,580,True
2,240,Magby,Fire,,0.7,21.4,45,,,True,75.0,45,75,37,70,55,83,365,False
2,244,Entei,Fire,,2.1,198.0,3,,,False,,115,115,85,90,75,100,580,True
2,243,Raikou,Electric,,1.9,178.0,3,,,False,,90,85,75,115,100,115,580,True
2,239,Elekid,Electric,,0.6,23.5,45,,,True,75.0,45,63,37,65,55,95,360,False
2,237,Hitmontop,Fighting,,1.4,48.0,45,Human-Like,,True,100.0,50,95,95,35,110,70,455,False
2,236,Tyrogue,Fighting,,0.7,21.0,75,,,True,100.0,35,35,35,35,35,35,210,False
2,238,Smoochum,Ice,Psychic,0.4,6.0,45,,,True,0.0,45,30,15,85,65,65,305,False
2,247,Pupitar,Rock,Ground,1.2,152.0,45,Monster,,True,50.0,70,84,70,65,70,51,410,False
2,234,Stantler,Normal,,1.4,71.2,45,Field,,True,50.0,73,95,62,85,65,85,465,False
2,233,Porygon2,Normal,,0.6,32.5,45,Mineral,,False,,85,80,90,105,95,60,515,False
2,242,Blissey,Normal,,1.5,46.8,30,Fairy,,True,0.0,255,10,10,75,135,55,540,False
2,241,Miltank,Normal,,1.2,75.5,45,Field,,True,0.0,95,80,105,40,70,100,490,False
2,232,Donphan,Ground,,1.1,120.0,60,Field,,True,50.0,90,120,120,60,60,50,500,False
2,246,Larvitar,Rock,Ground,0.6,72.0,45,Monster,,True,50.0,50,64,50,45,50,41,300,False
2,231,Phanpy,Ground,,0.5,33.5,120,Field,,True,50.0,90,60,60,40,40,40,330,False
2,222,Corsola,Water,Rock,0.6,5.0,60,Water 1,Water 3,True,25.0,65,55,95,65,95,35,410,False
2,235,Smeargle,Normal,,1.2,58.0,45,Field,,True,50.0,55,20,35,20,45,75,250,False
2,230,Kingdra,Water,Dragon,1.8,152.0,45,Dragon,Water 1,True,50.0,75,95,95,95,95,85,540,False
2,229,Houndoom,Dark,Fire,1.4,35.0,45,Field,,True,50.0,75,90,50,110,80,95,500,False
2,228,Houndour,Dark,Fire,0.6,10.8,120,Field,,True,50.0,45,60,30,80,50,65,330,False
2,223,Remoraid,Water,,0.6,12.0,190,Water 1,Water 2,True,50.0,35,65,35,65,35,65,300,False
2,220,Swinub,Ice,Ground,0.4,6.5,225,Field,,True,50.0,50,50,40,30,30,50,250,False
2,219,Magcargo,Fire,Rock,0.8,55.0,75,Amorphous,,True,50.0,60,50,120,90,80,30,430,False
2,215,Sneasel,Dark,Ice,0.9,28.0,60,Field,,True,50.0,55,95,55,35,75,115,430,False
2,218,Slugma,Fire,,0.7,35.0,190,Amorphous,,True,50.0,40,40,40,70,40,20,250,False
2,217,Ursaring,Normal,,1.8,125.8,60,Field,,True,50.0,90,130,75,75,75,55,500,False
2,221,Piloswine,Ice,Ground,1.1,55.8,75,Field,,True,50.0,100,100,80,60,60,50,450,False
2,227,Skarmory,Steel,Flying,1.7,50.5,25,Flying,,True,50.0,65,80,140,40,70,70,465,False
2,216,Teddiursa,Normal,,0.6,8.8,120,Field,,True,50.0,60,80,50,50,50,40,330,False
2,213,Shuckle,Bug,Rock,0.6,20.5,190,Bug,,True,50.0,20,10,230,10,230,5,505,False
2,211,Qwilfish,Water,Poison,0.5,3.9,45,Water 2,,True,50.0,65,95,85,55,55,85,440,False
2,212,Scizor,Bug,Steel,1.8,118.0,25,Bug,,True,50.0,70,130,100,55,80,65,500,False
2,209,Snubbull,Fairy,,0.6,7.8,190,Fairy,Field,True,25.0,60,80,50,40,40,30,300,False
2,207,Gligar,Ground,Flying,1.1,64.8,60,Bug,,True,50.0,65,75,105,35,65,85,430,False
2,208,Steelix,Steel,Ground,9.2,400.0,25,Mineral,,True,50.0,75,85,200,55,65,30,510,False
2,210,Granbull,Fairy,,1.4,48.7,75,Fairy,Field,True,25.0,90,120,75,60,60,45,450,False
2,214,Heracross,Bug,Fighting,1.5,54.0,45,Bug,,True,50.0,80,125,75,40,95,85,500,False
2,196,Espeon,Psychic,,0.9,26.5,45,Field,,True,87.5,65,65,60,130,95,110,525,False
2,203,Girafarig,Normal,Psychic,1.5,41.5,60,Field,,True,50.0,70,80,65,90,65,85,455,False
2,202,Wobbuffet,Psychic,,1.3,28.5,45,Amorphous,,True,50.0,190,33,58,33,58,33,405,False
2,197,Umbreon,Dark,,1.0,27.0,45,Field,,True,87.5,95,65,110,60,130,65,525,False
2,201,Unown,Psychic,,0.5,5.0,225,,,False,,48,72,48,72,48,48,336,False
2,200,Misdreavus,Ghost,,0.7,1.0,45,Amorphous,,True,50.0,60,60,60,85,85,85,435,False
2,199,Slowking,Water,Psychic,2.0,79.5,70,Monster,Water 1,True,50.0,95,75,80,100,110,30,490,False
2,198,Murkrow,Dark,Flying,0.5,2.1,30,Flying,,True,50.0,60,85,42,85,42,91,405,False
2,195,Quagsire,Water,Ground,1.4,75.0,90,Field,Water 1,True,50.0,95,85,85,65,65,35,430,False
2,194,Wooper,Water,Ground,0.4,8.5,255,Field,Water 1,True,50.0,55,45,45,25,25,15,210,False
2,193,Yanma,Bug,Flying,1.2,38.0,75,Bug,,True,50.0,65,65,45,75,45,95,390,False
2,192,Sunflora,Grass,,0.8,8.5,120,Grass,,True,50.0,75,75,55,105,85,30,425,False
2,190,Aipom,Normal,,0.8,11.5,45,Field,,True,50.0,55,70,55,40,55,85,360,False
2,189,Jumpluff,Grass,Flying,0.8,3.0,45,Fairy,Grass,True,50.0,75,55,70,55,95,110,460,False
2,188,Skiploom,Grass,Flying,0.6,1.0,120,Fairy,Grass,True,50.0,55,45,50,45,65,80,340,False
2,191,Sunkern,Grass,,0.3,1.8,235,Grass,,True,50.0,30,30,30,30,30,30,180,False
2,179,Mareep,Electric,,0.6,7.8,235,Field,Monster,True,50.0,55,40,40,65,45,35,280,False
2,183,Marill,Water,Fairy,0.4,8.5,190,Fairy,Water 1,True,50.0,70,20,50,20,50,40,250,False
2,178,Xatu,Psychic,Flying,1.5,15.0,75,Flying,,True,50.0,65,75,70,95,70,95,470,False
2,181,Ampharos,Electric,,1.4,61.5,45,Field,Monster,True,50.0,90,75,85,115,90,55,510,False
2,180,Flaaffy,Electric,,0.8,13.3,120,Field,Monster,True,50.0,70,55,55,80,60,45,365,False
2,182,Bellossom,Grass,,0.4,5.8,45,Grass,,True,50.0,75,80,95,90,100,50,490,False
2,186,Politoed,Water,,1.1,33.9,45,Water 1,,True,50.0,90,75,75,90,100,70,500,False
2,187,Hoppip,Grass,Flying,0.4,0.5,255,Fairy,Grass,True,50.0,35,35,40,35,55,50,250,False
2,175,Togepi,Fairy,,0.3,1.5,190,,,True,87.5,35,20,65,40,65,20,245,False
2,172,Pichu,Electric,,0.3,2.0,190,,,True,50.0,20,40,15,35,35,60,205,False
2,177,Natu,Psychic,Flying,0.2,2.0,190,Flying,,True,50.0,40,50,45,70,45,70,320,False
2,171,Lanturn,Water,Electric,1.2,22.5,75,Water 2,,True,50.0,125,58,58,76,76,67,460,False
2,173,Cleffa,Fairy,,0.3,3.0,150,,,True,25.0,50,25,28,45,55,15,218,False
2,170,Chinchou,Water,Electric,0.5,12.0,190,Water 2,,True,50.0,75,38,38,56,56,67,330,False
2,166,Ledian,Bug,Flying,1.4,35.6,90,Bug,,True,50.0,55,35,50,55,110,85,390,False
2,168,Ariados,Bug,Poison,1.1,33.5,90,Bug,,True,50.0,70,90,70,60,70,40,400,False
2,169,Crobat,Poison,Flying,1.8,75.0,90,Flying,,True,50.0,85,90,80,70,80,130,535,False
2,167,Spinarak,Bug,Poison,0.5,8.5,255,Bug,,True,50.0,40,60,40,40,40,30,250,False
2,165,Ledyba,Bug,Flying,1.0,10.8,255,Bug,,True,50.0,40,20,30,40,80,55,265,False
2,164,Noctowl,Normal,Flying,1.6,40.8,90,Flying,,True,50.0,100,50,50,86,96,70,452,False
2,163,Hoothoot,Normal,Flying,0.7,21.2,255,Flying,,True,50.0,60,30,30,36,56,50,262,False
2,176,Togetic,Fairy,Flying,0.6,3.2,75,Fairy,Flying,True,87.5,55,40,85,80,105,40,405,False
2,162,Furret,Normal,,1.8,32.5,90,Field,,True,50.0,85,76,64,45,55,90,415,False
2,158,Totodile,Water,,0.6,9.5,45,Monster,Water 1,True,87.5,50,65,64,44,48,43,314,False
2,174,Igglybuff,Normal,Fairy,0.3,1.0,170,,,True,25.0,90,30,15,40,20,15,210,False
2,159,Croconaw,Water,,1.1,25.0,45,Monster,Water 1,True,87.5,65,80,80,59,63,58,405,False
2,161,Sentret,Normal,,0.8,6.0,255,Field,,True,50.0,35,46,34,35,45,20,215,False
2,157,Typhlosion,Fire,,1.7,79.5,45,Field,,True,87.5,78,84,78,109,85,100,534,False
2,156,Quilava,Fire,,0.9,19.0,45,Field,,True,87.5,58,64,58,80,65,80,405,False
1,150,Mewtwo,Psychic,,2.0,122.0,3,,,False,,106,110,90,154,90,130,680,True
2,155,Cyndaquil,Fire,,0.5,7.9,45,Field,,True,87.5,39,52,43,60,50,65,309,False
2,154,Meganium,Grass,,1.8,100.5,45,Grass,Monster,True,87.5,80,82,100,83,100,80,525,False
2,153,Bayleef,Grass,,1.2,15.8,45,Grass,Monster,True,87.5,60,62,80,63,80,60,405,False
1,151,Mew,Psychic,,0.4,4.0,45,,,False,,100,100,100,100,100,100,600,True
2,152,Chikorita,Grass,,0.9,6.4,45,Grass,Monster,True,87.5,45,49,65,49,65,45,318,False
1,148,Dragonair,Dragon,,4.0,16.5,45,Dragon,Water 1,True,50.0,61,84,65,70,70,70,420,False
1,144,Articuno,Ice,Flying,1.7,55.4,3,,,False,,90,85,100,95,125,85,580,True
1,142,Aerodactyl,Rock,Flying,1.8,59.0,45,Flying,,True,87.5,80,105,65,60,75,130,515,False
1,147,Dratini,Dragon,,1.8,3.3,45,Dragon,Water 1,True,50.0,41,64,45,50,50,50,300,False
1,149,Dragonite,Dragon,Flying,2.2,210.0,45,Dragon,Water 1,True,50.0,91,134,95,100,100,80,600,False
1,146,Moltres,Fire,Flying,2.0,60.0,3,,,False,,90,100,90,125,85,90,580,True
1,145,Zapdos,Electric,Flying,1.6,52.6,3,,,False,,90,90,85,125,90,100,580,True
1,143,Snorlax,Normal,,2.1,460.0,25,Monster,,True,87.5,160,110,65,65,110,30,540,False
1,138,Omanyte,Rock,Water,0.4,7.5,45,Water 1,Water 3,True,87.5,35,40,100,90,55,35,355,False
1,137,Porygon,Normal,,0.8,36.5,45,Mineral,,False,,65,60,70,85,75,40,395,False
1,136,Flareon,Fire,,0.9,25.0,45,Field,,True,87.5,65,130,60,95,110,65,525,False
1,135,Jolteon,Electric,,0.8,24.5,45,Field,,True,87.5,65,65,60,110,95,130,525,False
1,140,Kabuto,Rock,Water,0.5,11.5,45,Water 1,Water 3,True,87.5,30,80,90,55,45,55,355,False
1,130,Gyarados,Water,Flying,6.5,235.0,45,Dragon,Water 2,True,50.0,95,125,79,60,100,81,540,False
1,131,Lapras,Water,Ice,2.5,220.0,45,Monster,Water 1,True,50.0,130,85,80,85,95,60,535,False
1,132,Ditto,Normal,,0.3,4.0,35,Ditto,,False,,48,48,48,48,48,48,288,False
1,129,Magikarp,Water,,0.9,10.0,255,Dragon,Water 2,True,50.0,20,10,55,15,20,80,200,False
1,126,Magmar,Fire,,1.3,44.5,45,Human-Like,,True,75.0,65,95,57,100,85,93,495,False
1,141,Kabutops,Rock,Water,1.3,40.5,45,Water 1,Water 3,True,87.5,60,115,105,65,70,80,495,False
1,128,Tauros,Normal,,1.4,88.4,45,Field,,True,100.0,75,100,95,40,70,110,490,False
1,125,Electabuzz,Electric,,1.1,30.0,45,Human-Like,,True,75.0,65,83,57,95,85,105,490,False
1,124,Jynx,Ice,Psychic,1.4,40.6,45,Human-Like,,True,0.0,65,50,35,115,95,95,455,False
1,127,Pinsir,Bug,,1.5,55.0,45,Bug,,True,50.0,65,125,100,55,70,85,500,False
1,121,Starmie,Water,Psychic,1.1,80.0,60,Water 3,,False,,60,75,85,100,85,115,520,False
1,122,Mr. Mime,Psychic,Fairy,1.3,54.5,45,Human-Like,,True,50.0,40,45,65,100,120,90,460,False
1,139,Omastar,Rock,Water,1.0,35.0,45,Water 1,Water 3,True,87.5,70,60,125,115,70,55,495,False
1,134,Vaporeon,Water,,1.0,29.0,45,Field,,True,87.5,130,65,60,110,95,65,525,False
1,133,Eevee,Normal,,0.3,6.5,45,Field,,True,87.5,55,55,50,45,65,55,325,False
1,119,Seaking,Water,,1.3,39.0,60,Water 2,,True,50.0,80,92,65,65,80,68,450,False
1,117,Seadra,Water,,1.2,25.0,75,Dragon,Water 1,True,50.0,55,65,95,95,45,85,440,False
1,118,Goldeen,Water,,0.6,15.0,225,Water 2,,True,50.0,45,67,60,35,50,63,320,False
1,116,Horsea,Water,,0.4,8.0,225,Dragon,Water 1,True,50.0,30,40,70,70,25,60,295,False
1,115,Kangaskhan,Normal,,2.2,80.0,45,Monster,,True,0.0,105,95,80,40,80,90,490,False
1,114,Tangela,Grass,,1.0,35.0,45,Grass,,True,50.0,65,55,115,100,40,60,435,False
1,113,Chansey,Normal,,1.1,34.6,30,Fairy,,True,0.0,250,5,5,35,105,50,450,False
1,112,Rhydon,Ground,Rock,1.9,120.0,60,Field,Monster,True,50.0,105,130,120,45,45,40,485,False
1,110,Weezing,Poison,,1.2,9.5,60,Amorphous,,True,50.0,65,90,120,85,70,60,490,False
1,111,Rhyhorn,Ground,Rock,1.0,115.0,120,Field,Monster,True,50.0,80,85,95,30,30,25,345,False
1,109,Koffing,Poison,,0.6,1.0,190,Amorphous,,True,50.0,40,65,95,60,45,35,340,False
1,108,Lickitung,Normal,,1.2,65.5,45,Monster,,True,50.0,90,55,75,60,75,30,385,False
1,120,Staryu,Water,,0.8,34.5,225,Water 3,,False,,30,45,55,70,55,85,340,False
1,123,Scyther,Bug,Flying,1.5,56.0,45,Bug,,True,50.0,70,110,80,55,80,105,500,False
1,101,Electrode,Electric,,1.2,66.6,60,Mineral,,False,,60,50,70,80,80,150,490,False
1,107,Hitmonchan,Fighting,,1.4,50.2,45,Human-Like,,True,100.0,50,105,79,35,110,76,455,False
1,106,Hitmonlee,Fighting,,1.5,49.8,45,Human-Like,,True,100.0,50,120,53,35,110,87,455,False
1,104,Cubone,Ground,,0.4,6.5,190,Monster,,True,50.0,50,50,95,40,50,35,320,False
1,103,Exeggutor,Grass,Psychic,2.0,120.0,45,Grass,,True,50.0,95,95,85,125,75,55,530,False
1,99,Kingler,Water,,1.3,60.0,60,Water 3,,True,50.0,55,130,115,50,50,75,475,False
1,102,Exeggcute,Grass,Psychic,0.4,2.5,90,Grass,,True,50.0,60,40,80,60,45,40,325,False
1,100,Voltorb,Electric,,0.5,10.4,190,Mineral,,False,,40,30,50,55,55,100,330,False
1,97,Hypno,Psychic,,1.6,75.6,75,Human-Like,,True,50.0,85,73,70,73,115,67,483,False
1,96,Drowzee,Psychic,,1.0,32.4,190,Human-Like,,True,50.0,60,48,45,43,90,42,328,False
1,95,Onix,Rock,Ground,8.8,210.0,45,Mineral,,True,50.0,35,45,160,30,45,70,385,False
1,105,Marowak,Ground,,1.0,45.0,75,Monster,,True,50.0,60,80,110,50,80,45,425,False
1,98,Krabby,Water,,0.4,6.5,225,Water 3,,True,50.0,30,105,90,25,25,50,325,False
1,92,Gastly,Ghost,Poison,1.3,0.1,190,Amorphous,,True,50.0,30,35,30,100,35,80,310,False
1,91,Cloyster,Water,Ice,1.5,132.5,60,Water 3,,True,50.0,50,95,180,85,45,70,525,False
1,93,Haunter,Ghost,Poison,1.6,0.1,90,Amorphous,,True,50.0,45,50,45,115,55,95,405,False
1,90,Shellder,Water,,0.3,4.0,190,Water 3,,True,50.0,30,65,100,45,25,40,305,False
1,89,Muk,Poison,,1.2,30.0,75,Amorphous,,True,50.0,105,105,75,65,100,50,500,False
1,88,Grimer,Poison,,0.9,30.0,190,Amorphous,,True,50.0,80,80,50,40,50,25,325,False
1,94,Gengar,Ghost,Poison,1.5,40.5,45,Amorphous,,True,50.0,60,65,60,130,75,110,500,False
1,80,Slowbro,Water,Psychic,1.6,78.5,75,Monster,Water 1,True,50.0,95,75,110,100,80,30,490,False
1,86,Seel,Water,,1.1,90.0,190,Field,Water 1,True,50.0,65,45,55,45,70,45,325,False
1,87,Dewgong,Water,Ice,1.7,120.0,75,Field,Water 1,True,50.0,90,70,80,70,95,70,475,False
1,85,Dodrio,Normal,Flying,1.8,85.2,45,Flying,,True,50.0,60,110,70,60,60,110,470,False
1,81,Magnemite,Electric,Steel,0.3,6.0,190,Mineral,,False,,25,35,70,95,55,45,325,False
1,84,Doduo,Normal,Flying,1.4,39.2,190,Flying,,True,50.0,35,85,45,35,35,75,310,False
1,83,Farfetch'd,Normal,Flying,0.8,15.0,45,Field,Flying,True,50.0,52,90,55,58,62,60,377,False
1,79,Slowpoke,Water,Psychic,1.2,36.0,190,Monster,Water 1,True,50.0,90,65,65,40,40,15,315,False
1,78,Rapidash,Fire,,1.7,95.0,60,Field,,True,50.0,65,100,70,80,80,105,500,False
1,77,Ponyta,Fire,,1.0,30.0,190,Field,,True,50.0,50,85,55,65,65,90,410,False
1,57,Primeape,Fighting,,1.0,32.0,75,Field,,True,50.0,65,105,60,60,70,95,455,False
1,82,Magneton,Electric,Steel,1.0,60.0,60,Mineral,,False,,50,60,95,120,70,70,465,False
1,58,Growlithe,Fire,,0.7,19.0,190,Field,,True,75.0,55,70,45,70,50,60,350,False
1,75,Graveler,Rock,Ground,1.0,105.0,120,Mineral,,True,50.0,55,95,115,45,45,35,390,False
1,55,Golduck,Water,,1.7,76.6,75,Field,Water 1,True,50.0,80,82,78,95,80,85,500,False
1,54,Psyduck,Water,,0.8,19.6,190,Field,Water 1,True,50.0,50,52,48,65,50,55,320,False
1,51,Dugtrio,Ground,,0.7,33.3,50,Field,,True,50.0,35,100,50,50,70,120,425,False
1,50,Diglett,Ground,,0.2,0.8,255,Field,,True,50.0,10,55,25,35,45,95,265,False
1,76,Golem,Rock,Ground,1.4,300.0,45,Mineral,,True,50.0,80,120,130,55,65,45,495,False
1,56,Mankey,Fighting,,0.5,28.0,190,Field,,True,50.0,40,80,35,35,45,70,305,False
1,53,Persian,Normal,,1.0,32.0,90,Field,,True,50.0,65,70,60,65,65,115,440,False
1,52,Meowth,Normal,,0.4,4.2,255,Field,,True,50.0,40,45,35,40,40,90,290,False
